2026-04-06 17:37:30,848 INFO sentence_transformers.SentenceTransformer - Load pretrained SentenceTransformer: all-MiniLM-L6-v2
2026-04-06 17:37:31,011 INFO httpx - HTTP Request: HEAD https://huggingface.co/sentence-transformers/all-MiniLM-L6-v2/resolve/main/modules.json "HTTP/1.1 307 Temporary Redirect"
2026-04-06 17:37:31,023 INFO httpx - HTTP Request: HEAD https://huggingface.co/api/resolve-cache/models/sentence-transformers/all-MiniLM-L6-v2/c9745ed1d9f207416be6d2e6f8de32d1f16199bf/modules.json "HTTP/1.1 200 OK"
2026-04-06 17:37:31,036 INFO httpx - HTTP Request: GET https://huggingface.co/api/resolve-cache/models/sentence-transformers/all-MiniLM-L6-v2/c9745ed1d9f207416be6d2e6f8de32d1f16199bf/modules.json "HTTP/1.1 200 OK"
2026-04-06 17:37:31,210 INFO httpx - HTTP Request: HEAD https://huggingface.co/sentence-transformers/all-MiniLM-L6-v2/resolve/main/config_sentence_transformers.json "HTTP/1.1 307 Temporary Redirect"
2026-04-06 17:37:31,223 INFO httpx - HTTP Request: HEAD https://huggingface.co/api/resolve-cache/models/sentence-transformers/all-MiniLM-L6-v2/c9745ed1d9f207416be6d2e6f8de32d1f16199bf/config_sentence_transformers.json "HTTP/1.1 200 OK"
2026-04-06 17:37:31,235 INFO httpx - HTTP Request: GET https://huggingface.co/api/resolve-cache/models/sentence-transformers/all-MiniLM-L6-v2/c9745ed1d9f207416be6d2e6f8de32d1f16199bf/config_sentence_transformers.json "HTTP/1.1 200 OK"
2026-04-06 17:37:31,328 INFO httpx - HTTP Request: HEAD https://huggingface.co/sentence-transformers/all-MiniLM-L6-v2/resolve/main/config_sentence_transformers.json "HTTP/1.1 307 Temporary Redirect"
2026-04-06 17:37:31,329 WARNING huggingface_hub.utils._http - Warning: You are sending unauthenticated requests to the HF Hub. Please set a HF_TOKEN to enable higher rate limits and faster downloads.
2026-04-06 17:37:31,341 INFO httpx - HTTP Request: HEAD https://huggingface.co/api/resolve-cache/models/sentence-transformers/all-MiniLM-L6-v2/c9745ed1d9f207416be6d2e6f8de32d1f16199bf/config_sentence_transformers.json "HTTP/1.1 200 OK"
2026-04-06 17:37:31,434 INFO httpx - HTTP Request: HEAD https://huggingface.co/sentence-transformers/all-MiniLM-L6-v2/resolve/main/README.md "HTTP/1.1 307 Temporary Redirect"
2026-04-06 17:37:31,446 INFO httpx - HTTP Request: HEAD https://huggingface.co/api/resolve-cache/models/sentence-transformers/all-MiniLM-L6-v2/c9745ed1d9f207416be6d2e6f8de32d1f16199bf/README.md "HTTP/1.1 200 OK"
2026-04-06 17:37:31,458 INFO httpx - HTTP Request: GET https://huggingface.co/api/resolve-cache/models/sentence-transformers/all-MiniLM-L6-v2/c9745ed1d9f207416be6d2e6f8de32d1f16199bf/README.md "HTTP/1.1 200 OK"
2026-04-06 17:37:31,557 INFO httpx - HTTP Request: HEAD https://huggingface.co/sentence-transformers/all-MiniLM-L6-v2/resolve/main/modules.json "HTTP/1.1 307 Temporary Redirect"
2026-04-06 17:37:31,571 INFO httpx - HTTP Request: HEAD https://huggingface.co/api/resolve-cache/models/sentence-transformers/all-MiniLM-L6-v2/c9745ed1d9f207416be6d2e6f8de32d1f16199bf/modules.json "HTTP/1.1 200 OK"
2026-04-06 17:37:31,666 INFO httpx - HTTP Request: HEAD https://huggingface.co/sentence-transformers/all-MiniLM-L6-v2/resolve/main/sentence_bert_config.json "HTTP/1.1 307 Temporary Redirect"
2026-04-06 17:37:31,678 INFO httpx - HTTP Request: HEAD https://huggingface.co/api/resolve-cache/models/sentence-transformers/all-MiniLM-L6-v2/c9745ed1d9f207416be6d2e6f8de32d1f16199bf/sentence_bert_config.json "HTTP/1.1 200 OK"
2026-04-06 17:37:31,691 INFO httpx - HTTP Request: GET https://huggingface.co/api/resolve-cache/models/sentence-transformers/all-MiniLM-L6-v2/c9745ed1d9f207416be6d2e6f8de32d1f16199bf/sentence_bert_config.json "HTTP/1.1 200 OK"
2026-04-06 17:37:31,787 INFO httpx - HTTP Request: HEAD https://huggingface.co/sentence-transformers/all-MiniLM-L6-v2/resolve/main/adapter_config.json "HTTP/1.1 404 Not Found"
2026-04-06 17:37:31,882 INFO httpx - HTTP Request: HEAD https://huggingface.co/sentence-transformers/all-MiniLM-L6-v2/resolve/main/config.json "HTTP/1.1 307 Temporary Redirect"
2026-04-06 17:37:31,894 INFO httpx - HTTP Request: HEAD https://huggingface.co/api/resolve-cache/models/sentence-transformers/all-MiniLM-L6-v2/c9745ed1d9f207416be6d2e6f8de32d1f16199bf/config.json "HTTP/1.1 200 OK"
2026-04-06 17:37:31,908 INFO httpx - HTTP Request: GET https://huggingface.co/api/resolve-cache/models/sentence-transformers/all-MiniLM-L6-v2/c9745ed1d9f207416be6d2e6f8de32d1f16199bf/config.json "HTTP/1.1 200 OK"
2026-04-06 17:37:32,039 INFO httpx - HTTP Request: HEAD https://huggingface.co/sentence-transformers/all-MiniLM-L6-v2/resolve/main/model.safetensors "HTTP/1.1 302 Found"
2026-04-06 17:37:32,135 INFO httpx - HTTP Request: GET https://huggingface.co/api/models/sentence-transformers/all-MiniLM-L6-v2/xet-read-token/c9745ed1d9f207416be6d2e6f8de32d1f16199bf "HTTP/1.1 200 OK"
2026-04-06 17:37:33,022 WARNING transformers.modeling_utils - [1mBertModel LOAD REPORT[0m from: sentence-transformers/all-MiniLM-L6-v2
Key                     | Status     |  | 
------------------------+------------+--+-
embeddings.position_ids | UNEXPECTED |  | 

Notes:
- UNEXPECTED:	can be ignored when loading from different task/architecture; not ok if you expect identical arch.
2026-04-06 17:37:33,115 INFO httpx - HTTP Request: HEAD https://huggingface.co/sentence-transformers/all-MiniLM-L6-v2/resolve/main/config.json "HTTP/1.1 307 Temporary Redirect"
2026-04-06 17:37:33,132 INFO httpx - HTTP Request: HEAD https://huggingface.co/api/resolve-cache/models/sentence-transformers/all-MiniLM-L6-v2/c9745ed1d9f207416be6d2e6f8de32d1f16199bf/config.json "HTTP/1.1 200 OK"
2026-04-06 17:37:33,229 INFO httpx - HTTP Request: HEAD https://huggingface.co/sentence-transformers/all-MiniLM-L6-v2/resolve/main/tokenizer_config.json "HTTP/1.1 307 Temporary Redirect"
2026-04-06 17:37:33,241 INFO httpx - HTTP Request: HEAD https://huggingface.co/api/resolve-cache/models/sentence-transformers/all-MiniLM-L6-v2/c9745ed1d9f207416be6d2e6f8de32d1f16199bf/tokenizer_config.json "HTTP/1.1 200 OK"
2026-04-06 17:37:33,252 INFO httpx - HTTP Request: GET https://huggingface.co/api/resolve-cache/models/sentence-transformers/all-MiniLM-L6-v2/c9745ed1d9f207416be6d2e6f8de32d1f16199bf/tokenizer_config.json "HTTP/1.1 200 OK"
2026-04-06 17:37:33,350 INFO httpx - HTTP Request: GET https://huggingface.co/api/models/sentence-transformers/all-MiniLM-L6-v2/tree/main/additional_chat_templates?recursive=false&expand=false "HTTP/1.1 404 Not Found"
2026-04-06 17:37:33,449 INFO httpx - HTTP Request: GET https://huggingface.co/api/models/sentence-transformers/all-MiniLM-L6-v2/tree/main?recursive=true&expand=false "HTTP/1.1 200 OK"
2026-04-06 17:37:33,544 INFO httpx - HTTP Request: HEAD https://huggingface.co/sentence-transformers/all-MiniLM-L6-v2/resolve/main/vocab.txt "HTTP/1.1 307 Temporary Redirect"
2026-04-06 17:37:33,558 INFO httpx - HTTP Request: HEAD https://huggingface.co/api/resolve-cache/models/sentence-transformers/all-MiniLM-L6-v2/c9745ed1d9f207416be6d2e6f8de32d1f16199bf/vocab.txt "HTTP/1.1 200 OK"
2026-04-06 17:37:33,570 INFO httpx - HTTP Request: GET https://huggingface.co/api/resolve-cache/models/sentence-transformers/all-MiniLM-L6-v2/c9745ed1d9f207416be6d2e6f8de32d1f16199bf/vocab.txt "HTTP/1.1 200 OK"
2026-04-06 17:37:33,678 INFO httpx - HTTP Request: HEAD https://huggingface.co/sentence-transformers/all-MiniLM-L6-v2/resolve/main/tokenizer.json "HTTP/1.1 307 Temporary Redirect"
2026-04-06 17:37:33,690 INFO httpx - HTTP Request: HEAD https://huggingface.co/api/resolve-cache/models/sentence-transformers/all-MiniLM-L6-v2/c9745ed1d9f207416be6d2e6f8de32d1f16199bf/tokenizer.json "HTTP/1.1 200 OK"
2026-04-06 17:37:33,702 INFO httpx - HTTP Request: GET https://huggingface.co/api/resolve-cache/models/sentence-transformers/all-MiniLM-L6-v2/c9745ed1d9f207416be6d2e6f8de32d1f16199bf/tokenizer.json "HTTP/1.1 200 OK"
2026-04-06 17:37:33,816 INFO httpx - HTTP Request: HEAD https://huggingface.co/sentence-transformers/all-MiniLM-L6-v2/resolve/main/added_tokens.json "HTTP/1.1 404 Not Found"
2026-04-06 17:37:33,916 INFO httpx - HTTP Request: HEAD https://huggingface.co/sentence-transformers/all-MiniLM-L6-v2/resolve/main/special_tokens_map.json "HTTP/1.1 307 Temporary Redirect"
2026-04-06 17:37:33,928 INFO httpx - HTTP Request: HEAD https://huggingface.co/api/resolve-cache/models/sentence-transformers/all-MiniLM-L6-v2/c9745ed1d9f207416be6d2e6f8de32d1f16199bf/special_tokens_map.json "HTTP/1.1 200 OK"
2026-04-06 17:37:33,940 INFO httpx - HTTP Request: GET https://huggingface.co/api/resolve-cache/models/sentence-transformers/all-MiniLM-L6-v2/c9745ed1d9f207416be6d2e6f8de32d1f16199bf/special_tokens_map.json "HTTP/1.1 200 OK"
2026-04-06 17:37:34,038 INFO httpx - HTTP Request: HEAD https://huggingface.co/sentence-transformers/all-MiniLM-L6-v2/resolve/main/chat_template.jinja "HTTP/1.1 404 Not Found"
2026-04-06 17:37:34,169 INFO httpx - HTTP Request: HEAD https://huggingface.co/sentence-transformers/all-MiniLM-L6-v2/resolve/main/1_Pooling/config.json "HTTP/1.1 307 Temporary Redirect"
2026-04-06 17:37:34,181 INFO httpx - HTTP Request: HEAD https://huggingface.co/api/resolve-cache/models/sentence-transformers/all-MiniLM-L6-v2/c9745ed1d9f207416be6d2e6f8de32d1f16199bf/1_Pooling%2Fconfig.json "HTTP/1.1 200 OK"
2026-04-06 17:37:34,192 INFO httpx - HTTP Request: GET https://huggingface.co/api/resolve-cache/models/sentence-transformers/all-MiniLM-L6-v2/c9745ed1d9f207416be6d2e6f8de32d1f16199bf/1_Pooling%2Fconfig.json "HTTP/1.1 200 OK"
2026-04-06 17:37:34,293 INFO httpx - HTTP Request: GET https://huggingface.co/api/models/sentence-transformers/all-MiniLM-L6-v2 "HTTP/1.1 200 OK"
2026-04-06 17:37:34,297 INFO __main__ - Fetching trending topics for USA...
2026-04-06 17:37:34,467 WARNING src.app.trend_research - Failed to fetch Google Trends: The request failed: Google returned a response with code 404
2026-04-06 17:37:35,321 INFO __main__ - Using trending topic: Experimental therapy gantenerumab fails to slow or improve Alzheimer's memory loss in clinical trials
2026-04-06 17:37:45,460 INFO src.app.duplicate_checker - Indexed post: gantenerumab-alzheimers-trial-failure (Total: 1)
2026-04-06 17:37:45,461 ERROR __main__ - Failed slot 1
Traceback (most recent call last):
  File "/home/runner/work/Pin/Pin/src/app/run_daily.py", line 196, in main
    related_for_links = get_related_internal_links(post["html"], existing_posts, post["slug"])
                        ^^^^^^^^^^^^^^^^^^^^^^^^^^^^^^^^^^^^^^^^^^^^^^^^^^^^^^^^^^^^^^^^^^^^^^
  File "/home/runner/work/Pin/Pin/src/app/internal_links.py", line 39, in get_related_internal_links
    return [p[1] for score, p in scored_posts[:limit]]
           ^^^^^^^^^^^^^^^^^^^^^^^^^^^^^^^^^^^^^^^^^^^
  File "/home/runner/work/Pin/Pin/src/app/internal_links.py", line 39, in <listcomp>
    return [p[1] for score, p in scored_posts[:limit]]
            ~^^^
KeyError: 1
2026-04-06 17:37:45,462 INFO __main__ - Using trending topic: Desperate for heart surgery for their baby, a family feels the effects of pediatric hospital shortages
2026-04-06 17:37:56,905 ERROR __main__ - Failed slot 2
Traceback (most recent call last):
  File "/home/runner/work/Pin/Pin/src/app/gemini_client.py", line 144, in parse_json_from_text
    return json.loads(candidate)
           ^^^^^^^^^^^^^^^^^^^^^
  File "/opt/hostedtoolcache/Python/3.11.15/x64/lib/python3.11/json/__init__.py", line 346, in loads
    return _default_decoder.decode(s)
           ^^^^^^^^^^^^^^^^^^^^^^^^^^
  File "/opt/hostedtoolcache/Python/3.11.15/x64/lib/python3.11/json/decoder.py", line 337, in decode
    obj, end = self.raw_decode(s, idx=_w(s, 0).end())
               ^^^^^^^^^^^^^^^^^^^^^^^^^^^^^^^^^^^^^^
  File "/opt/hostedtoolcache/Python/3.11.15/x64/lib/python3.11/json/decoder.py", line 353, in raw_decode
    obj, end = self.scan_once(s, idx)
               ^^^^^^^^^^^^^^^^^^^^^^
json.decoder.JSONDecodeError: Expecting ',' delimiter: line 5 column 5658 (char 6081)

During handling of the above exception, another exception occurred:

Traceback (most recent call last):
  File "/home/runner/work/Pin/Pin/src/app/run_daily.py", line 176, in main
    candidate = generate_article(client, topic, chosen_title, mode, offer)
                ^^^^^^^^^^^^^^^^^^^^^^^^^^^^^^^^^^^^^^^^^^^^^^^^^^^^^^^^^^
  File "/home/runner/work/Pin/Pin/src/app/content.py", line 107, in generate_article
    payload = client.generate_json(
              ^^^^^^^^^^^^^^^^^^^^^
  File "/home/runner/work/Pin/Pin/src/app/gemini_client.py", line 23, in generate_json
    return parse_json_from_text(text)
           ^^^^^^^^^^^^^^^^^^^^^^^^^^
  File "/home/runner/work/Pin/Pin/src/app/gemini_client.py", line 148, in parse_json_from_text
    return json.loads(sanitized)
           ^^^^^^^^^^^^^^^^^^^^^
  File "/opt/hostedtoolcache/Python/3.11.15/x64/lib/python3.11/json/__init__.py", line 346, in loads
    return _default_decoder.decode(s)
           ^^^^^^^^^^^^^^^^^^^^^^^^^^
  File "/opt/hostedtoolcache/Python/3.11.15/x64/lib/python3.11/json/decoder.py", line 337, in decode
    obj, end = self.raw_decode(s, idx=_w(s, 0).end())
               ^^^^^^^^^^^^^^^^^^^^^^^^^^^^^^^^^^^^^^
  File "/opt/hostedtoolcache/Python/3.11.15/x64/lib/python3.11/json/decoder.py", line 353, in raw_decode
    obj, end = self.scan_once(s, idx)
               ^^^^^^^^^^^^^^^^^^^^^^
json.decoder.JSONDecodeError: Expecting ',' delimiter: line 1 column 6082 (char 6081)
2026-04-06 17:38:05,031 INFO src.app.duplicate_checker - Indexed post: weight-loss-lifestyle-calorie-awareness-no-restriction (Total: 2)
2026-04-06 17:38:05,032 ERROR __main__ - Failed slot 3
Traceback (most recent call last):
  File "/home/runner/work/Pin/Pin/src/app/run_daily.py", line 196, in main
    related_for_links = get_related_internal_links(post["html"], existing_posts, post["slug"])
                        ^^^^^^^^^^^^^^^^^^^^^^^^^^^^^^^^^^^^^^^^^^^^^^^^^^^^^^^^^^^^^^^^^^^^^^
  File "/home/runner/work/Pin/Pin/src/app/internal_links.py", line 39, in get_related_internal_links
    return [p[1] for score, p in scored_posts[:limit]]
           ^^^^^^^^^^^^^^^^^^^^^^^^^^^^^^^^^^^^^^^^^^^
  File "/home/runner/work/Pin/Pin/src/app/internal_links.py", line 39, in <listcomp>
    return [p[1] for score, p in scored_posts[:limit]]
            ~^^^
KeyError: 1
2026-04-06 17:38:13,641 ERROR __main__ - Failed slot 4
Traceback (most recent call last):
  File "/home/runner/work/Pin/Pin/src/app/gemini_client.py", line 144, in parse_json_from_text
    return json.loads(candidate)
           ^^^^^^^^^^^^^^^^^^^^^
  File "/opt/hostedtoolcache/Python/3.11.15/x64/lib/python3.11/json/__init__.py", line 346, in loads
    return _default_decoder.decode(s)
           ^^^^^^^^^^^^^^^^^^^^^^^^^^
  File "/opt/hostedtoolcache/Python/3.11.15/x64/lib/python3.11/json/decoder.py", line 337, in decode
    obj, end = self.raw_decode(s, idx=_w(s, 0).end())
               ^^^^^^^^^^^^^^^^^^^^^^^^^^^^^^^^^^^^^^
  File "/opt/hostedtoolcache/Python/3.11.15/x64/lib/python3.11/json/decoder.py", line 353, in raw_decode
    obj, end = self.scan_once(s, idx)
               ^^^^^^^^^^^^^^^^^^^^^^
json.decoder.JSONDecodeError: Expecting ',' delimiter: line 5 column 227 (char 590)

During handling of the above exception, another exception occurred:

Traceback (most recent call last):
  File "/home/runner/work/Pin/Pin/src/app/run_daily.py", line 176, in main
    candidate = generate_article(client, topic, chosen_title, mode, offer)
                ^^^^^^^^^^^^^^^^^^^^^^^^^^^^^^^^^^^^^^^^^^^^^^^^^^^^^^^^^^
  File "/home/runner/work/Pin/Pin/src/app/content.py", line 107, in generate_article
    payload = client.generate_json(
              ^^^^^^^^^^^^^^^^^^^^^
  File "/home/runner/work/Pin/Pin/src/app/gemini_client.py", line 23, in generate_json
    return parse_json_from_text(text)
           ^^^^^^^^^^^^^^^^^^^^^^^^^^
  File "/home/runner/work/Pin/Pin/src/app/gemini_client.py", line 148, in parse_json_from_text
    return json.loads(sanitized)
           ^^^^^^^^^^^^^^^^^^^^^
  File "/opt/hostedtoolcache/Python/3.11.15/x64/lib/python3.11/json/__init__.py", line 346, in loads
    return _default_decoder.decode(s)
           ^^^^^^^^^^^^^^^^^^^^^^^^^^
  File "/opt/hostedtoolcache/Python/3.11.15/x64/lib/python3.11/json/decoder.py", line 337, in decode
    obj, end = self.raw_decode(s, idx=_w(s, 0).end())
               ^^^^^^^^^^^^^^^^^^^^^^^^^^^^^^^^^^^^^^
  File "/opt/hostedtoolcache/Python/3.11.15/x64/lib/python3.11/json/decoder.py", line 353, in raw_decode
    obj, end = self.scan_once(s, idx)
               ^^^^^^^^^^^^^^^^^^^^^^
json.decoder.JSONDecodeError: Expecting ',' delimiter: line 1 column 591 (char 590)
2026-04-06 17:38:21,104 ERROR __main__ - Failed slot 5
Traceback (most recent call last):
  File "/home/runner/work/Pin/Pin/src/app/gemini_client.py", line 144, in parse_json_from_text
    return json.loads(candidate)
           ^^^^^^^^^^^^^^^^^^^^^
  File "/opt/hostedtoolcache/Python/3.11.15/x64/lib/python3.11/json/__init__.py", line 346, in loads
    return _default_decoder.decode(s)
           ^^^^^^^^^^^^^^^^^^^^^^^^^^
  File "/opt/hostedtoolcache/Python/3.11.15/x64/lib/python3.11/json/decoder.py", line 337, in decode
    obj, end = self.raw_decode(s, idx=_w(s, 0).end())
               ^^^^^^^^^^^^^^^^^^^^^^^^^^^^^^^^^^^^^^
  File "/opt/hostedtoolcache/Python/3.11.15/x64/lib/python3.11/json/decoder.py", line 353, in raw_decode
    obj, end = self.scan_once(s, idx)
               ^^^^^^^^^^^^^^^^^^^^^^
json.decoder.JSONDecodeError: Expecting ',' delimiter: line 5 column 4350 (char 4724)

During handling of the above exception, another exception occurred:

Traceback (most recent call last):
  File "/home/runner/work/Pin/Pin/src/app/run_daily.py", line 176, in main
    candidate = generate_article(client, topic, chosen_title, mode, offer)
                ^^^^^^^^^^^^^^^^^^^^^^^^^^^^^^^^^^^^^^^^^^^^^^^^^^^^^^^^^^
  File "/home/runner/work/Pin/Pin/src/app/content.py", line 107, in generate_article
    payload = client.generate_json(
              ^^^^^^^^^^^^^^^^^^^^^
  File "/home/runner/work/Pin/Pin/src/app/gemini_client.py", line 23, in generate_json
    return parse_json_from_text(text)
           ^^^^^^^^^^^^^^^^^^^^^^^^^^
  File "/home/runner/work/Pin/Pin/src/app/gemini_client.py", line 148, in parse_json_from_text
    return json.loads(sanitized)
           ^^^^^^^^^^^^^^^^^^^^^
  File "/opt/hostedtoolcache/Python/3.11.15/x64/lib/python3.11/json/__init__.py", line 346, in loads
    return _default_decoder.decode(s)
           ^^^^^^^^^^^^^^^^^^^^^^^^^^
  File "/opt/hostedtoolcache/Python/3.11.15/x64/lib/python3.11/json/decoder.py", line 337, in decode
    obj, end = self.raw_decode(s, idx=_w(s, 0).end())
               ^^^^^^^^^^^^^^^^^^^^^^^^^^^^^^^^^^^^^^
  File "/opt/hostedtoolcache/Python/3.11.15/x64/lib/python3.11/json/decoder.py", line 353, in raw_decode
    obj, end = self.scan_once(s, idx)
               ^^^^^^^^^^^^^^^^^^^^^^
json.decoder.JSONDecodeError: Expecting ',' delimiter: line 1 column 4725 (char 4724)
2026-04-06 17:38:21,106 INFO __main__ - Run complete. Published 0/5 posts.
2026-04-06 17:50:55,875 INFO sentence_transformers.SentenceTransformer - Load pretrained SentenceTransformer: all-MiniLM-L6-v2
2026-04-06 17:50:56,009 INFO httpx - HTTP Request: HEAD https://huggingface.co/sentence-transformers/all-MiniLM-L6-v2/resolve/main/modules.json "HTTP/1.1 307 Temporary Redirect"
2026-04-06 17:50:56,010 WARNING huggingface_hub.utils._http - Warning: You are sending unauthenticated requests to the HF Hub. Please set a HF_TOKEN to enable higher rate limits and faster downloads.
2026-04-06 17:50:56,019 INFO httpx - HTTP Request: HEAD https://huggingface.co/api/resolve-cache/models/sentence-transformers/all-MiniLM-L6-v2/c9745ed1d9f207416be6d2e6f8de32d1f16199bf/modules.json "HTTP/1.1 200 OK"
2026-04-06 17:50:56,029 INFO httpx - HTTP Request: GET https://huggingface.co/api/resolve-cache/models/sentence-transformers/all-MiniLM-L6-v2/c9745ed1d9f207416be6d2e6f8de32d1f16199bf/modules.json "HTTP/1.1 200 OK"
2026-04-06 17:50:56,082 INFO httpx - HTTP Request: HEAD https://huggingface.co/sentence-transformers/all-MiniLM-L6-v2/resolve/main/config_sentence_transformers.json "HTTP/1.1 307 Temporary Redirect"
2026-04-06 17:50:56,092 INFO httpx - HTTP Request: HEAD https://huggingface.co/api/resolve-cache/models/sentence-transformers/all-MiniLM-L6-v2/c9745ed1d9f207416be6d2e6f8de32d1f16199bf/config_sentence_transformers.json "HTTP/1.1 200 OK"
2026-04-06 17:50:56,101 INFO httpx - HTTP Request: GET https://huggingface.co/api/resolve-cache/models/sentence-transformers/all-MiniLM-L6-v2/c9745ed1d9f207416be6d2e6f8de32d1f16199bf/config_sentence_transformers.json "HTTP/1.1 200 OK"
2026-04-06 17:50:56,127 INFO httpx - HTTP Request: HEAD https://huggingface.co/sentence-transformers/all-MiniLM-L6-v2/resolve/main/config_sentence_transformers.json "HTTP/1.1 307 Temporary Redirect"
2026-04-06 17:50:56,136 INFO httpx - HTTP Request: HEAD https://huggingface.co/api/resolve-cache/models/sentence-transformers/all-MiniLM-L6-v2/c9745ed1d9f207416be6d2e6f8de32d1f16199bf/config_sentence_transformers.json "HTTP/1.1 200 OK"
2026-04-06 17:50:56,156 INFO httpx - HTTP Request: HEAD https://huggingface.co/sentence-transformers/all-MiniLM-L6-v2/resolve/main/README.md "HTTP/1.1 307 Temporary Redirect"
2026-04-06 17:50:56,165 INFO httpx - HTTP Request: HEAD https://huggingface.co/api/resolve-cache/models/sentence-transformers/all-MiniLM-L6-v2/c9745ed1d9f207416be6d2e6f8de32d1f16199bf/README.md "HTTP/1.1 200 OK"
2026-04-06 17:50:56,174 INFO httpx - HTTP Request: GET https://huggingface.co/api/resolve-cache/models/sentence-transformers/all-MiniLM-L6-v2/c9745ed1d9f207416be6d2e6f8de32d1f16199bf/README.md "HTTP/1.1 200 OK"
2026-04-06 17:50:56,195 INFO httpx - HTTP Request: HEAD https://huggingface.co/sentence-transformers/all-MiniLM-L6-v2/resolve/main/modules.json "HTTP/1.1 307 Temporary Redirect"
2026-04-06 17:50:56,204 INFO httpx - HTTP Request: HEAD https://huggingface.co/api/resolve-cache/models/sentence-transformers/all-MiniLM-L6-v2/c9745ed1d9f207416be6d2e6f8de32d1f16199bf/modules.json "HTTP/1.1 200 OK"
2026-04-06 17:50:56,223 INFO httpx - HTTP Request: HEAD https://huggingface.co/sentence-transformers/all-MiniLM-L6-v2/resolve/main/sentence_bert_config.json "HTTP/1.1 307 Temporary Redirect"
2026-04-06 17:50:56,233 INFO httpx - HTTP Request: HEAD https://huggingface.co/api/resolve-cache/models/sentence-transformers/all-MiniLM-L6-v2/c9745ed1d9f207416be6d2e6f8de32d1f16199bf/sentence_bert_config.json "HTTP/1.1 200 OK"
2026-04-06 17:50:56,243 INFO httpx - HTTP Request: GET https://huggingface.co/api/resolve-cache/models/sentence-transformers/all-MiniLM-L6-v2/c9745ed1d9f207416be6d2e6f8de32d1f16199bf/sentence_bert_config.json "HTTP/1.1 200 OK"
2026-04-06 17:50:56,262 INFO httpx - HTTP Request: HEAD https://huggingface.co/sentence-transformers/all-MiniLM-L6-v2/resolve/main/adapter_config.json "HTTP/1.1 404 Not Found"
2026-04-06 17:50:56,281 INFO httpx - HTTP Request: HEAD https://huggingface.co/sentence-transformers/all-MiniLM-L6-v2/resolve/main/config.json "HTTP/1.1 307 Temporary Redirect"
2026-04-06 17:50:56,291 INFO httpx - HTTP Request: HEAD https://huggingface.co/api/resolve-cache/models/sentence-transformers/all-MiniLM-L6-v2/c9745ed1d9f207416be6d2e6f8de32d1f16199bf/config.json "HTTP/1.1 200 OK"
2026-04-06 17:50:56,299 INFO httpx - HTTP Request: GET https://huggingface.co/api/resolve-cache/models/sentence-transformers/all-MiniLM-L6-v2/c9745ed1d9f207416be6d2e6f8de32d1f16199bf/config.json "HTTP/1.1 200 OK"
2026-04-06 17:50:56,356 INFO httpx - HTTP Request: HEAD https://huggingface.co/sentence-transformers/all-MiniLM-L6-v2/resolve/main/model.safetensors "HTTP/1.1 302 Found"
2026-04-06 17:50:56,379 INFO httpx - HTTP Request: GET https://huggingface.co/api/models/sentence-transformers/all-MiniLM-L6-v2/xet-read-token/c9745ed1d9f207416be6d2e6f8de32d1f16199bf "HTTP/1.1 200 OK"
2026-04-06 17:50:57,263 WARNING transformers.modeling_utils - [1mBertModel LOAD REPORT[0m from: sentence-transformers/all-MiniLM-L6-v2
Key                     | Status     |  | 
------------------------+------------+--+-
embeddings.position_ids | UNEXPECTED |  | 

Notes:
- UNEXPECTED:	can be ignored when loading from different task/architecture; not ok if you expect identical arch.
2026-04-06 17:50:57,283 INFO httpx - HTTP Request: HEAD https://huggingface.co/sentence-transformers/all-MiniLM-L6-v2/resolve/main/config.json "HTTP/1.1 307 Temporary Redirect"
2026-04-06 17:50:57,292 INFO httpx - HTTP Request: HEAD https://huggingface.co/api/resolve-cache/models/sentence-transformers/all-MiniLM-L6-v2/c9745ed1d9f207416be6d2e6f8de32d1f16199bf/config.json "HTTP/1.1 200 OK"
2026-04-06 17:50:57,315 INFO httpx - HTTP Request: HEAD https://huggingface.co/sentence-transformers/all-MiniLM-L6-v2/resolve/main/tokenizer_config.json "HTTP/1.1 307 Temporary Redirect"
2026-04-06 17:50:57,324 INFO httpx - HTTP Request: HEAD https://huggingface.co/api/resolve-cache/models/sentence-transformers/all-MiniLM-L6-v2/c9745ed1d9f207416be6d2e6f8de32d1f16199bf/tokenizer_config.json "HTTP/1.1 200 OK"
2026-04-06 17:50:57,332 INFO httpx - HTTP Request: GET https://huggingface.co/api/resolve-cache/models/sentence-transformers/all-MiniLM-L6-v2/c9745ed1d9f207416be6d2e6f8de32d1f16199bf/tokenizer_config.json "HTTP/1.1 200 OK"
2026-04-06 17:50:57,361 INFO httpx - HTTP Request: GET https://huggingface.co/api/models/sentence-transformers/all-MiniLM-L6-v2/tree/main/additional_chat_templates?recursive=false&expand=false "HTTP/1.1 404 Not Found"
2026-04-06 17:50:57,385 INFO httpx - HTTP Request: GET https://huggingface.co/api/models/sentence-transformers/all-MiniLM-L6-v2/tree/main?recursive=true&expand=false "HTTP/1.1 200 OK"
2026-04-06 17:50:57,407 INFO httpx - HTTP Request: HEAD https://huggingface.co/sentence-transformers/all-MiniLM-L6-v2/resolve/main/vocab.txt "HTTP/1.1 307 Temporary Redirect"
2026-04-06 17:50:57,415 INFO httpx - HTTP Request: HEAD https://huggingface.co/api/resolve-cache/models/sentence-transformers/all-MiniLM-L6-v2/c9745ed1d9f207416be6d2e6f8de32d1f16199bf/vocab.txt "HTTP/1.1 200 OK"
2026-04-06 17:50:57,424 INFO httpx - HTTP Request: GET https://huggingface.co/api/resolve-cache/models/sentence-transformers/all-MiniLM-L6-v2/c9745ed1d9f207416be6d2e6f8de32d1f16199bf/vocab.txt "HTTP/1.1 200 OK"
2026-04-06 17:50:57,453 INFO httpx - HTTP Request: HEAD https://huggingface.co/sentence-transformers/all-MiniLM-L6-v2/resolve/main/tokenizer.json "HTTP/1.1 307 Temporary Redirect"
2026-04-06 17:50:57,462 INFO httpx - HTTP Request: HEAD https://huggingface.co/api/resolve-cache/models/sentence-transformers/all-MiniLM-L6-v2/c9745ed1d9f207416be6d2e6f8de32d1f16199bf/tokenizer.json "HTTP/1.1 200 OK"
2026-04-06 17:50:57,471 INFO httpx - HTTP Request: GET https://huggingface.co/api/resolve-cache/models/sentence-transformers/all-MiniLM-L6-v2/c9745ed1d9f207416be6d2e6f8de32d1f16199bf/tokenizer.json "HTTP/1.1 200 OK"
2026-04-06 17:50:57,501 INFO httpx - HTTP Request: HEAD https://huggingface.co/sentence-transformers/all-MiniLM-L6-v2/resolve/main/added_tokens.json "HTTP/1.1 404 Not Found"
2026-04-06 17:50:57,521 INFO httpx - HTTP Request: HEAD https://huggingface.co/sentence-transformers/all-MiniLM-L6-v2/resolve/main/special_tokens_map.json "HTTP/1.1 307 Temporary Redirect"
2026-04-06 17:50:57,531 INFO httpx - HTTP Request: HEAD https://huggingface.co/api/resolve-cache/models/sentence-transformers/all-MiniLM-L6-v2/c9745ed1d9f207416be6d2e6f8de32d1f16199bf/special_tokens_map.json "HTTP/1.1 200 OK"
2026-04-06 17:50:57,539 INFO httpx - HTTP Request: GET https://huggingface.co/api/resolve-cache/models/sentence-transformers/all-MiniLM-L6-v2/c9745ed1d9f207416be6d2e6f8de32d1f16199bf/special_tokens_map.json "HTTP/1.1 200 OK"
2026-04-06 17:50:57,563 INFO httpx - HTTP Request: HEAD https://huggingface.co/sentence-transformers/all-MiniLM-L6-v2/resolve/main/chat_template.jinja "HTTP/1.1 404 Not Found"
2026-04-06 17:50:57,616 INFO httpx - HTTP Request: HEAD https://huggingface.co/sentence-transformers/all-MiniLM-L6-v2/resolve/main/1_Pooling/config.json "HTTP/1.1 307 Temporary Redirect"
2026-04-06 17:50:57,626 INFO httpx - HTTP Request: HEAD https://huggingface.co/api/resolve-cache/models/sentence-transformers/all-MiniLM-L6-v2/c9745ed1d9f207416be6d2e6f8de32d1f16199bf/1_Pooling%2Fconfig.json "HTTP/1.1 200 OK"
2026-04-06 17:50:57,635 INFO httpx - HTTP Request: GET https://huggingface.co/api/resolve-cache/models/sentence-transformers/all-MiniLM-L6-v2/c9745ed1d9f207416be6d2e6f8de32d1f16199bf/1_Pooling%2Fconfig.json "HTTP/1.1 200 OK"
2026-04-06 17:50:57,658 INFO httpx - HTTP Request: GET https://huggingface.co/api/models/sentence-transformers/all-MiniLM-L6-v2 "HTTP/1.1 200 OK"
2026-04-06 17:50:57,662 INFO __main__ - Fetching trending topics for USA...
2026-04-06 17:50:57,854 WARNING src.app.trend_research - Failed to fetch Google Trends: The request failed: Google returned a response with code 404
2026-04-06 17:50:58,865 INFO __main__ - Using trending topic: Experimental therapy gantenerumab fails to slow or improve Alzheimer's memory loss in clinical trials
2026-04-06 17:51:08,166 INFO __main__ - Using trending topic: Desperate for heart surgery for their baby, a family feels the effects of pediatric hospital shortages
2026-04-06 17:51:17,679 INFO src.app.duplicate_checker - Indexed post: pediatric-hospital-shortages-life-saving-surgeries (Total: 3)
2026-04-06 17:51:17,680 ERROR __main__ - Failed slot 2
Traceback (most recent call last):
  File "/home/runner/work/Pin/Pin/src/app/run_daily.py", line 196, in main
    related_for_links = get_related_internal_links(post["html"], existing_posts, post["slug"])
                        ^^^^^^^^^^^^^^^^^^^^^^^^^^^^^^^^^^^^^^^^^^^^^^^^^^^^^^^^^^^^^^^^^^^^^^
  File "/home/runner/work/Pin/Pin/src/app/internal_links.py", line 39, in get_related_internal_links
    return [p[1] for score, p in scored_posts[:limit]]
           ^^^^^^^^^^^^^^^^^^^^^^^^^^^^^^^^^^^^^^^^^^^
  File "/home/runner/work/Pin/Pin/src/app/internal_links.py", line 39, in <listcomp>
    return [p[1] for score, p in scored_posts[:limit]]
            ~^^^
KeyError: 1
2026-04-06 17:51:28,636 WARNING src.app.gemini_client - Gemini transient failure; trying next key: key#1 transient_status=429
2026-04-06 17:51:36,073 ERROR __main__ - Failed slot 4
Traceback (most recent call last):
  File "/home/runner/work/Pin/Pin/src/app/gemini_client.py", line 144, in parse_json_from_text
    return json.loads(candidate)
           ^^^^^^^^^^^^^^^^^^^^^
  File "/opt/hostedtoolcache/Python/3.11.15/x64/lib/python3.11/json/__init__.py", line 346, in loads
    return _default_decoder.decode(s)
           ^^^^^^^^^^^^^^^^^^^^^^^^^^
  File "/opt/hostedtoolcache/Python/3.11.15/x64/lib/python3.11/json/decoder.py", line 337, in decode
    obj, end = self.raw_decode(s, idx=_w(s, 0).end())
               ^^^^^^^^^^^^^^^^^^^^^^^^^^^^^^^^^^^^^^
  File "/opt/hostedtoolcache/Python/3.11.15/x64/lib/python3.11/json/decoder.py", line 353, in raw_decode
    obj, end = self.scan_once(s, idx)
               ^^^^^^^^^^^^^^^^^^^^^^
json.decoder.JSONDecodeError: Expecting ',' delimiter: line 5 column 262 (char 616)

During handling of the above exception, another exception occurred:

Traceback (most recent call last):
  File "/home/runner/work/Pin/Pin/src/app/run_daily.py", line 176, in main
    candidate = generate_article(client, topic, chosen_title, mode, offer)
                ^^^^^^^^^^^^^^^^^^^^^^^^^^^^^^^^^^^^^^^^^^^^^^^^^^^^^^^^^^
  File "/home/runner/work/Pin/Pin/src/app/content.py", line 107, in generate_article
    payload = client.generate_json(
              ^^^^^^^^^^^^^^^^^^^^^
  File "/home/runner/work/Pin/Pin/src/app/gemini_client.py", line 23, in generate_json
    return parse_json_from_text(text)
           ^^^^^^^^^^^^^^^^^^^^^^^^^^
  File "/home/runner/work/Pin/Pin/src/app/gemini_client.py", line 148, in parse_json_from_text
    return json.loads(sanitized)
           ^^^^^^^^^^^^^^^^^^^^^
  File "/opt/hostedtoolcache/Python/3.11.15/x64/lib/python3.11/json/__init__.py", line 346, in loads
    return _default_decoder.decode(s)
           ^^^^^^^^^^^^^^^^^^^^^^^^^^
  File "/opt/hostedtoolcache/Python/3.11.15/x64/lib/python3.11/json/decoder.py", line 337, in decode
    obj, end = self.raw_decode(s, idx=_w(s, 0).end())
               ^^^^^^^^^^^^^^^^^^^^^^^^^^^^^^^^^^^^^^
  File "/opt/hostedtoolcache/Python/3.11.15/x64/lib/python3.11/json/decoder.py", line 353, in raw_decode
    obj, end = self.scan_once(s, idx)
               ^^^^^^^^^^^^^^^^^^^^^^
json.decoder.JSONDecodeError: Expecting ',' delimiter: line 1 column 617 (char 616)
2026-04-06 17:51:37,530 WARNING src.app.gemini_client - Gemini transient failure; trying next key: key#1 transient_status=429
2026-04-06 17:51:45,473 ERROR __main__ - Failed slot 5
Traceback (most recent call last):
  File "/home/runner/work/Pin/Pin/src/app/gemini_client.py", line 144, in parse_json_from_text
    return json.loads(candidate)
           ^^^^^^^^^^^^^^^^^^^^^
  File "/opt/hostedtoolcache/Python/3.11.15/x64/lib/python3.11/json/__init__.py", line 346, in loads
    return _default_decoder.decode(s)
           ^^^^^^^^^^^^^^^^^^^^^^^^^^
  File "/opt/hostedtoolcache/Python/3.11.15/x64/lib/python3.11/json/decoder.py", line 337, in decode
    obj, end = self.raw_decode(s, idx=_w(s, 0).end())
               ^^^^^^^^^^^^^^^^^^^^^^^^^^^^^^^^^^^^^^
  File "/opt/hostedtoolcache/Python/3.11.15/x64/lib/python3.11/json/decoder.py", line 353, in raw_decode
    obj, end = self.scan_once(s, idx)
               ^^^^^^^^^^^^^^^^^^^^^^
json.decoder.JSONDecodeError: Expecting ',' delimiter: line 5 column 5015 (char 5384)

During handling of the above exception, another exception occurred:

Traceback (most recent call last):
  File "/home/runner/work/Pin/Pin/src/app/run_daily.py", line 176, in main
    candidate = generate_article(client, topic, chosen_title, mode, offer)
                ^^^^^^^^^^^^^^^^^^^^^^^^^^^^^^^^^^^^^^^^^^^^^^^^^^^^^^^^^^
  File "/home/runner/work/Pin/Pin/src/app/content.py", line 107, in generate_article
    payload = client.generate_json(
              ^^^^^^^^^^^^^^^^^^^^^
  File "/home/runner/work/Pin/Pin/src/app/gemini_client.py", line 23, in generate_json
    return parse_json_from_text(text)
           ^^^^^^^^^^^^^^^^^^^^^^^^^^
  File "/home/runner/work/Pin/Pin/src/app/gemini_client.py", line 148, in parse_json_from_text
    return json.loads(sanitized)
           ^^^^^^^^^^^^^^^^^^^^^
  File "/opt/hostedtoolcache/Python/3.11.15/x64/lib/python3.11/json/__init__.py", line 346, in loads
    return _default_decoder.decode(s)
           ^^^^^^^^^^^^^^^^^^^^^^^^^^
  File "/opt/hostedtoolcache/Python/3.11.15/x64/lib/python3.11/json/decoder.py", line 337, in decode
    obj, end = self.raw_decode(s, idx=_w(s, 0).end())
               ^^^^^^^^^^^^^^^^^^^^^^^^^^^^^^^^^^^^^^
  File "/opt/hostedtoolcache/Python/3.11.15/x64/lib/python3.11/json/decoder.py", line 353, in raw_decode
    obj, end = self.scan_once(s, idx)
               ^^^^^^^^^^^^^^^^^^^^^^
json.decoder.JSONDecodeError: Expecting ',' delimiter: line 1 column 5385 (char 5384)
2026-04-06 17:51:45,474 INFO __main__ - Run complete. Published 0/5 posts.
2026-04-06 18:01:19,409 INFO sentence_transformers.SentenceTransformer - Load pretrained SentenceTransformer: all-MiniLM-L6-v2
2026-04-06 18:01:19,664 INFO httpx - HTTP Request: HEAD https://huggingface.co/sentence-transformers/all-MiniLM-L6-v2/resolve/main/modules.json "HTTP/1.1 307 Temporary Redirect"
2026-04-06 18:01:19,677 INFO httpx - HTTP Request: HEAD https://huggingface.co/api/resolve-cache/models/sentence-transformers/all-MiniLM-L6-v2/c9745ed1d9f207416be6d2e6f8de32d1f16199bf/modules.json "HTTP/1.1 200 OK"
2026-04-06 18:01:19,690 INFO httpx - HTTP Request: GET https://huggingface.co/api/resolve-cache/models/sentence-transformers/all-MiniLM-L6-v2/c9745ed1d9f207416be6d2e6f8de32d1f16199bf/modules.json "HTTP/1.1 200 OK"
2026-04-06 18:01:19,783 INFO httpx - HTTP Request: HEAD https://huggingface.co/sentence-transformers/all-MiniLM-L6-v2/resolve/main/config_sentence_transformers.json "HTTP/1.1 307 Temporary Redirect"
2026-04-06 18:01:19,797 INFO httpx - HTTP Request: HEAD https://huggingface.co/api/resolve-cache/models/sentence-transformers/all-MiniLM-L6-v2/c9745ed1d9f207416be6d2e6f8de32d1f16199bf/config_sentence_transformers.json "HTTP/1.1 200 OK"
2026-04-06 18:01:19,810 INFO httpx - HTTP Request: GET https://huggingface.co/api/resolve-cache/models/sentence-transformers/all-MiniLM-L6-v2/c9745ed1d9f207416be6d2e6f8de32d1f16199bf/config_sentence_transformers.json "HTTP/1.1 200 OK"
2026-04-06 18:01:19,901 INFO httpx - HTTP Request: HEAD https://huggingface.co/sentence-transformers/all-MiniLM-L6-v2/resolve/main/config_sentence_transformers.json "HTTP/1.1 307 Temporary Redirect"
2026-04-06 18:01:19,914 INFO httpx - HTTP Request: HEAD https://huggingface.co/api/resolve-cache/models/sentence-transformers/all-MiniLM-L6-v2/c9745ed1d9f207416be6d2e6f8de32d1f16199bf/config_sentence_transformers.json "HTTP/1.1 200 OK"
2026-04-06 18:01:20,008 INFO httpx - HTTP Request: HEAD https://huggingface.co/sentence-transformers/all-MiniLM-L6-v2/resolve/main/README.md "HTTP/1.1 307 Temporary Redirect"
2026-04-06 18:01:20,008 WARNING huggingface_hub.utils._http - Warning: You are sending unauthenticated requests to the HF Hub. Please set a HF_TOKEN to enable higher rate limits and faster downloads.
2026-04-06 18:01:20,022 INFO httpx - HTTP Request: HEAD https://huggingface.co/api/resolve-cache/models/sentence-transformers/all-MiniLM-L6-v2/c9745ed1d9f207416be6d2e6f8de32d1f16199bf/README.md "HTTP/1.1 200 OK"
2026-04-06 18:01:20,035 INFO httpx - HTTP Request: GET https://huggingface.co/api/resolve-cache/models/sentence-transformers/all-MiniLM-L6-v2/c9745ed1d9f207416be6d2e6f8de32d1f16199bf/README.md "HTTP/1.1 200 OK"
2026-04-06 18:01:20,125 INFO httpx - HTTP Request: HEAD https://huggingface.co/sentence-transformers/all-MiniLM-L6-v2/resolve/main/modules.json "HTTP/1.1 307 Temporary Redirect"
2026-04-06 18:01:20,138 INFO httpx - HTTP Request: HEAD https://huggingface.co/api/resolve-cache/models/sentence-transformers/all-MiniLM-L6-v2/c9745ed1d9f207416be6d2e6f8de32d1f16199bf/modules.json "HTTP/1.1 200 OK"
2026-04-06 18:01:20,228 INFO httpx - HTTP Request: HEAD https://huggingface.co/sentence-transformers/all-MiniLM-L6-v2/resolve/main/sentence_bert_config.json "HTTP/1.1 307 Temporary Redirect"
2026-04-06 18:01:20,241 INFO httpx - HTTP Request: HEAD https://huggingface.co/api/resolve-cache/models/sentence-transformers/all-MiniLM-L6-v2/c9745ed1d9f207416be6d2e6f8de32d1f16199bf/sentence_bert_config.json "HTTP/1.1 200 OK"
2026-04-06 18:01:20,254 INFO httpx - HTTP Request: GET https://huggingface.co/api/resolve-cache/models/sentence-transformers/all-MiniLM-L6-v2/c9745ed1d9f207416be6d2e6f8de32d1f16199bf/sentence_bert_config.json "HTTP/1.1 200 OK"
2026-04-06 18:01:20,354 INFO httpx - HTTP Request: HEAD https://huggingface.co/sentence-transformers/all-MiniLM-L6-v2/resolve/main/adapter_config.json "HTTP/1.1 404 Not Found"
2026-04-06 18:01:20,442 INFO httpx - HTTP Request: HEAD https://huggingface.co/sentence-transformers/all-MiniLM-L6-v2/resolve/main/config.json "HTTP/1.1 307 Temporary Redirect"
2026-04-06 18:01:20,455 INFO httpx - HTTP Request: HEAD https://huggingface.co/api/resolve-cache/models/sentence-transformers/all-MiniLM-L6-v2/c9745ed1d9f207416be6d2e6f8de32d1f16199bf/config.json "HTTP/1.1 200 OK"
2026-04-06 18:01:20,468 INFO httpx - HTTP Request: GET https://huggingface.co/api/resolve-cache/models/sentence-transformers/all-MiniLM-L6-v2/c9745ed1d9f207416be6d2e6f8de32d1f16199bf/config.json "HTTP/1.1 200 OK"
2026-04-06 18:01:20,591 INFO httpx - HTTP Request: HEAD https://huggingface.co/sentence-transformers/all-MiniLM-L6-v2/resolve/main/model.safetensors "HTTP/1.1 302 Found"
2026-04-06 18:01:20,684 INFO httpx - HTTP Request: GET https://huggingface.co/api/models/sentence-transformers/all-MiniLM-L6-v2/xet-read-token/c9745ed1d9f207416be6d2e6f8de32d1f16199bf "HTTP/1.1 200 OK"
2026-04-06 18:01:21,555 WARNING transformers.modeling_utils - [1mBertModel LOAD REPORT[0m from: sentence-transformers/all-MiniLM-L6-v2
Key                     | Status     |  | 
------------------------+------------+--+-
embeddings.position_ids | UNEXPECTED |  | 

Notes:
- UNEXPECTED:	can be ignored when loading from different task/architecture; not ok if you expect identical arch.
2026-04-06 18:01:21,644 INFO httpx - HTTP Request: HEAD https://huggingface.co/sentence-transformers/all-MiniLM-L6-v2/resolve/main/config.json "HTTP/1.1 307 Temporary Redirect"
2026-04-06 18:01:21,657 INFO httpx - HTTP Request: HEAD https://huggingface.co/api/resolve-cache/models/sentence-transformers/all-MiniLM-L6-v2/c9745ed1d9f207416be6d2e6f8de32d1f16199bf/config.json "HTTP/1.1 200 OK"
2026-04-06 18:01:21,749 INFO httpx - HTTP Request: HEAD https://huggingface.co/sentence-transformers/all-MiniLM-L6-v2/resolve/main/tokenizer_config.json "HTTP/1.1 307 Temporary Redirect"
2026-04-06 18:01:21,762 INFO httpx - HTTP Request: HEAD https://huggingface.co/api/resolve-cache/models/sentence-transformers/all-MiniLM-L6-v2/c9745ed1d9f207416be6d2e6f8de32d1f16199bf/tokenizer_config.json "HTTP/1.1 200 OK"
2026-04-06 18:01:21,775 INFO httpx - HTTP Request: GET https://huggingface.co/api/resolve-cache/models/sentence-transformers/all-MiniLM-L6-v2/c9745ed1d9f207416be6d2e6f8de32d1f16199bf/tokenizer_config.json "HTTP/1.1 200 OK"
2026-04-06 18:01:21,869 INFO httpx - HTTP Request: GET https://huggingface.co/api/models/sentence-transformers/all-MiniLM-L6-v2/tree/main/additional_chat_templates?recursive=false&expand=false "HTTP/1.1 404 Not Found"
2026-04-06 18:01:21,966 INFO httpx - HTTP Request: GET https://huggingface.co/api/models/sentence-transformers/all-MiniLM-L6-v2/tree/main?recursive=true&expand=false "HTTP/1.1 200 OK"
2026-04-06 18:01:22,061 INFO httpx - HTTP Request: HEAD https://huggingface.co/sentence-transformers/all-MiniLM-L6-v2/resolve/main/vocab.txt "HTTP/1.1 307 Temporary Redirect"
2026-04-06 18:01:22,074 INFO httpx - HTTP Request: HEAD https://huggingface.co/api/resolve-cache/models/sentence-transformers/all-MiniLM-L6-v2/c9745ed1d9f207416be6d2e6f8de32d1f16199bf/vocab.txt "HTTP/1.1 200 OK"
2026-04-06 18:01:22,088 INFO httpx - HTTP Request: GET https://huggingface.co/api/resolve-cache/models/sentence-transformers/all-MiniLM-L6-v2/c9745ed1d9f207416be6d2e6f8de32d1f16199bf/vocab.txt "HTTP/1.1 200 OK"
2026-04-06 18:01:22,193 INFO httpx - HTTP Request: HEAD https://huggingface.co/sentence-transformers/all-MiniLM-L6-v2/resolve/main/tokenizer.json "HTTP/1.1 307 Temporary Redirect"
2026-04-06 18:01:22,206 INFO httpx - HTTP Request: HEAD https://huggingface.co/api/resolve-cache/models/sentence-transformers/all-MiniLM-L6-v2/c9745ed1d9f207416be6d2e6f8de32d1f16199bf/tokenizer.json "HTTP/1.1 200 OK"
2026-04-06 18:01:22,220 INFO httpx - HTTP Request: GET https://huggingface.co/api/resolve-cache/models/sentence-transformers/all-MiniLM-L6-v2/c9745ed1d9f207416be6d2e6f8de32d1f16199bf/tokenizer.json "HTTP/1.1 200 OK"
2026-04-06 18:01:22,324 INFO httpx - HTTP Request: HEAD https://huggingface.co/sentence-transformers/all-MiniLM-L6-v2/resolve/main/added_tokens.json "HTTP/1.1 404 Not Found"
2026-04-06 18:01:22,413 INFO httpx - HTTP Request: HEAD https://huggingface.co/sentence-transformers/all-MiniLM-L6-v2/resolve/main/special_tokens_map.json "HTTP/1.1 307 Temporary Redirect"
2026-04-06 18:01:22,426 INFO httpx - HTTP Request: HEAD https://huggingface.co/api/resolve-cache/models/sentence-transformers/all-MiniLM-L6-v2/c9745ed1d9f207416be6d2e6f8de32d1f16199bf/special_tokens_map.json "HTTP/1.1 200 OK"
2026-04-06 18:01:22,439 INFO httpx - HTTP Request: GET https://huggingface.co/api/resolve-cache/models/sentence-transformers/all-MiniLM-L6-v2/c9745ed1d9f207416be6d2e6f8de32d1f16199bf/special_tokens_map.json "HTTP/1.1 200 OK"
2026-04-06 18:01:22,542 INFO httpx - HTTP Request: HEAD https://huggingface.co/sentence-transformers/all-MiniLM-L6-v2/resolve/main/chat_template.jinja "HTTP/1.1 404 Not Found"
2026-04-06 18:01:22,666 INFO httpx - HTTP Request: HEAD https://huggingface.co/sentence-transformers/all-MiniLM-L6-v2/resolve/main/1_Pooling/config.json "HTTP/1.1 307 Temporary Redirect"
2026-04-06 18:01:22,679 INFO httpx - HTTP Request: HEAD https://huggingface.co/api/resolve-cache/models/sentence-transformers/all-MiniLM-L6-v2/c9745ed1d9f207416be6d2e6f8de32d1f16199bf/1_Pooling%2Fconfig.json "HTTP/1.1 200 OK"
2026-04-06 18:01:22,692 INFO httpx - HTTP Request: GET https://huggingface.co/api/resolve-cache/models/sentence-transformers/all-MiniLM-L6-v2/c9745ed1d9f207416be6d2e6f8de32d1f16199bf/1_Pooling%2Fconfig.json "HTTP/1.1 200 OK"
2026-04-06 18:01:22,784 INFO httpx - HTTP Request: GET https://huggingface.co/api/models/sentence-transformers/all-MiniLM-L6-v2 "HTTP/1.1 200 OK"
2026-04-06 18:01:22,788 INFO __main__ - Fetching trending topics for USA...
2026-04-06 18:01:23,091 WARNING src.app.trend_research - Failed to fetch Google Trends: The request failed: Google returned a response with code 404
2026-04-06 18:01:23,960 INFO __main__ - Using trending topic: Experimental therapy gantenerumab fails to slow or improve Alzheimer's memory loss in clinical trials
2026-04-06 18:01:24,154 WARNING src.app.gemini_client - Gemini transient failure; trying next key: key#1 transient_status=429
2026-04-06 18:01:29,321 WARNING src.app.gemini_client - Gemini transient failure; trying next key: key#2 transient_status=503
2026-04-06 18:01:29,548 WARNING src.app.gemini_client - Gemini non-retriable failure: key#3 http_error=400 body={
  "error": {
    "code": 400,
    "message": "API key not valid. Please pass a valid API key.",
    "status": "INVALID_ARGUMENT",
    "details": [
      {
   
2026-04-06 18:01:29,729 WARNING src.app.gemini_client - Gemini non-retriable failure: key#4 http_error=400 body={
  "error": {
    "code": 400,
    "message": "API key not valid. Please pass a valid API key.",
    "status": "INVALID_ARGUMENT",
    "details": [
      {
   
2026-04-06 18:01:52,262 INFO __main__ - Using trending topic: Desperate for heart surgery for their baby, a family feels the effects of pediatric hospital shortages
2026-04-06 18:01:52,399 WARNING src.app.gemini_client - Gemini transient failure; trying next key: key#1 transient_status=429
2026-04-06 18:01:59,404 WARNING src.app.gemini_client - Gemini transient failure; trying next key: key#1 transient_status=429
2026-04-06 18:02:07,231 WARNING src.app.gemini_client - Gemini transient failure; trying next key: key#1 transient_status=429
2026-04-06 18:02:17,505 WARNING src.app.gemini_client - Gemini transient failure; trying next key: key#1 transient_status=429
2026-04-06 18:02:39,156 WARNING src.app.gemini_client - Standard JSON parsing failed: Expecting ',' delimiter: line 1 column 1659 (char 1658). Attempting heuristic fix.
2026-04-06 18:02:39,157 ERROR __main__ - Failed slot 3
Traceback (most recent call last):
  File "/home/runner/work/Pin/Pin/src/app/gemini_client.py", line 169, in parse_json_from_text
    return json.loads(sanitized_v2)
           ^^^^^^^^^^^^^^^^^^^^^^^^
  File "/opt/hostedtoolcache/Python/3.11.15/x64/lib/python3.11/json/__init__.py", line 346, in loads
    return _default_decoder.decode(s)
           ^^^^^^^^^^^^^^^^^^^^^^^^^^
  File "/opt/hostedtoolcache/Python/3.11.15/x64/lib/python3.11/json/decoder.py", line 337, in decode
    obj, end = self.raw_decode(s, idx=_w(s, 0).end())
               ^^^^^^^^^^^^^^^^^^^^^^^^^^^^^^^^^^^^^^
  File "/opt/hostedtoolcache/Python/3.11.15/x64/lib/python3.11/json/decoder.py", line 353, in raw_decode
    obj, end = self.scan_once(s, idx)
               ^^^^^^^^^^^^^^^^^^^^^^
json.decoder.JSONDecodeError: Expecting ',' delimiter: line 1 column 1659 (char 1658)

During handling of the above exception, another exception occurred:

Traceback (most recent call last):
  File "/home/runner/work/Pin/Pin/src/app/run_daily.py", line 176, in main
    candidate = generate_article(client, topic, chosen_title, mode, offer)
                ^^^^^^^^^^^^^^^^^^^^^^^^^^^^^^^^^^^^^^^^^^^^^^^^^^^^^^^^^^
  File "/home/runner/work/Pin/Pin/src/app/content.py", line 107, in generate_article
    payload = client.generate_json(
              ^^^^^^^^^^^^^^^^^^^^^
  File "/home/runner/work/Pin/Pin/src/app/gemini_client.py", line 23, in generate_json
    return parse_json_from_text(text)
           ^^^^^^^^^^^^^^^^^^^^^^^^^^
  File "/home/runner/work/Pin/Pin/src/app/gemini_client.py", line 171, in parse_json_from_text
    raise e
  File "/home/runner/work/Pin/Pin/src/app/gemini_client.py", line 151, in parse_json_from_text
    return json.loads(sanitized)
           ^^^^^^^^^^^^^^^^^^^^^
  File "/opt/hostedtoolcache/Python/3.11.15/x64/lib/python3.11/json/__init__.py", line 346, in loads
    return _default_decoder.decode(s)
           ^^^^^^^^^^^^^^^^^^^^^^^^^^
  File "/opt/hostedtoolcache/Python/3.11.15/x64/lib/python3.11/json/decoder.py", line 337, in decode
    obj, end = self.raw_decode(s, idx=_w(s, 0).end())
               ^^^^^^^^^^^^^^^^^^^^^^^^^^^^^^^^^^^^^^
  File "/opt/hostedtoolcache/Python/3.11.15/x64/lib/python3.11/json/decoder.py", line 353, in raw_decode
    obj, end = self.scan_once(s, idx)
               ^^^^^^^^^^^^^^^^^^^^^^
json.decoder.JSONDecodeError: Expecting ',' delimiter: line 1 column 1659 (char 1658)
2026-04-06 18:02:39,330 WARNING src.app.gemini_client - Gemini transient failure; trying next key: key#1 transient_status=429
2026-04-06 18:02:40,828 WARNING src.app.gemini_client - Gemini transient failure; trying next key: key#1 transient_status=429
2026-04-06 18:02:55,568 WARNING src.app.gemini_client - Gemini transient failure; trying next key: key#1 transient_status=429
2026-04-06 18:03:06,223 WARNING src.app.gemini_client - Gemini transient failure; trying next key: key#1 transient_status=429
2026-04-06 18:03:14,923 WARNING src.app.gemini_client - Standard JSON parsing failed: Expecting ',' delimiter: line 1 column 3181 (char 3180). Attempting heuristic fix.
2026-04-06 18:03:14,923 ERROR __main__ - Failed slot 5
Traceback (most recent call last):
  File "/home/runner/work/Pin/Pin/src/app/gemini_client.py", line 169, in parse_json_from_text
    return json.loads(sanitized_v2)
           ^^^^^^^^^^^^^^^^^^^^^^^^
  File "/opt/hostedtoolcache/Python/3.11.15/x64/lib/python3.11/json/__init__.py", line 346, in loads
    return _default_decoder.decode(s)
           ^^^^^^^^^^^^^^^^^^^^^^^^^^
  File "/opt/hostedtoolcache/Python/3.11.15/x64/lib/python3.11/json/decoder.py", line 337, in decode
    obj, end = self.raw_decode(s, idx=_w(s, 0).end())
               ^^^^^^^^^^^^^^^^^^^^^^^^^^^^^^^^^^^^^^
  File "/opt/hostedtoolcache/Python/3.11.15/x64/lib/python3.11/json/decoder.py", line 353, in raw_decode
    obj, end = self.scan_once(s, idx)
               ^^^^^^^^^^^^^^^^^^^^^^
json.decoder.JSONDecodeError: Expecting ',' delimiter: line 1 column 3181 (char 3180)

During handling of the above exception, another exception occurred:

Traceback (most recent call last):
  File "/home/runner/work/Pin/Pin/src/app/run_daily.py", line 176, in main
    candidate = generate_article(client, topic, chosen_title, mode, offer)
                ^^^^^^^^^^^^^^^^^^^^^^^^^^^^^^^^^^^^^^^^^^^^^^^^^^^^^^^^^^
  File "/home/runner/work/Pin/Pin/src/app/content.py", line 107, in generate_article
    payload = client.generate_json(
              ^^^^^^^^^^^^^^^^^^^^^
  File "/home/runner/work/Pin/Pin/src/app/gemini_client.py", line 23, in generate_json
    return parse_json_from_text(text)
           ^^^^^^^^^^^^^^^^^^^^^^^^^^
  File "/home/runner/work/Pin/Pin/src/app/gemini_client.py", line 171, in parse_json_from_text
    raise e
  File "/home/runner/work/Pin/Pin/src/app/gemini_client.py", line 151, in parse_json_from_text
    return json.loads(sanitized)
           ^^^^^^^^^^^^^^^^^^^^^
  File "/opt/hostedtoolcache/Python/3.11.15/x64/lib/python3.11/json/__init__.py", line 346, in loads
    return _default_decoder.decode(s)
           ^^^^^^^^^^^^^^^^^^^^^^^^^^
  File "/opt/hostedtoolcache/Python/3.11.15/x64/lib/python3.11/json/decoder.py", line 337, in decode
    obj, end = self.raw_decode(s, idx=_w(s, 0).end())
               ^^^^^^^^^^^^^^^^^^^^^^^^^^^^^^^^^^^^^^
  File "/opt/hostedtoolcache/Python/3.11.15/x64/lib/python3.11/json/decoder.py", line 353, in raw_decode
    obj, end = self.scan_once(s, idx)
               ^^^^^^^^^^^^^^^^^^^^^^
json.decoder.JSONDecodeError: Expecting ',' delimiter: line 1 column 3181 (char 3180)
2026-04-06 18:03:14,925 INFO __main__ - Run complete. Published 0/5 posts.
2026-04-07 11:17:08,150 INFO sentence_transformers.SentenceTransformer - Load pretrained SentenceTransformer: all-MiniLM-L6-v2
2026-04-07 11:17:08,296 INFO httpx - HTTP Request: HEAD https://huggingface.co/sentence-transformers/all-MiniLM-L6-v2/resolve/main/modules.json "HTTP/1.1 307 Temporary Redirect"
2026-04-07 11:17:08,296 WARNING huggingface_hub.utils._http - Warning: You are sending unauthenticated requests to the HF Hub. Please set a HF_TOKEN to enable higher rate limits and faster downloads.
2026-04-07 11:17:08,317 INFO httpx - HTTP Request: HEAD https://huggingface.co/api/resolve-cache/models/sentence-transformers/all-MiniLM-L6-v2/c9745ed1d9f207416be6d2e6f8de32d1f16199bf/modules.json "HTTP/1.1 200 OK"
2026-04-07 11:17:08,337 INFO httpx - HTTP Request: GET https://huggingface.co/api/resolve-cache/models/sentence-transformers/all-MiniLM-L6-v2/c9745ed1d9f207416be6d2e6f8de32d1f16199bf/modules.json "HTTP/1.1 200 OK"
2026-04-07 11:17:08,398 INFO httpx - HTTP Request: HEAD https://huggingface.co/sentence-transformers/all-MiniLM-L6-v2/resolve/main/config_sentence_transformers.json "HTTP/1.1 307 Temporary Redirect"
2026-04-07 11:17:08,419 INFO httpx - HTTP Request: HEAD https://huggingface.co/api/resolve-cache/models/sentence-transformers/all-MiniLM-L6-v2/c9745ed1d9f207416be6d2e6f8de32d1f16199bf/config_sentence_transformers.json "HTTP/1.1 200 OK"
2026-04-07 11:17:08,440 INFO httpx - HTTP Request: GET https://huggingface.co/api/resolve-cache/models/sentence-transformers/all-MiniLM-L6-v2/c9745ed1d9f207416be6d2e6f8de32d1f16199bf/config_sentence_transformers.json "HTTP/1.1 200 OK"
2026-04-07 11:17:08,503 INFO httpx - HTTP Request: HEAD https://huggingface.co/sentence-transformers/all-MiniLM-L6-v2/resolve/main/config_sentence_transformers.json "HTTP/1.1 307 Temporary Redirect"
2026-04-07 11:17:08,523 INFO httpx - HTTP Request: HEAD https://huggingface.co/api/resolve-cache/models/sentence-transformers/all-MiniLM-L6-v2/c9745ed1d9f207416be6d2e6f8de32d1f16199bf/config_sentence_transformers.json "HTTP/1.1 200 OK"
2026-04-07 11:17:08,584 INFO httpx - HTTP Request: HEAD https://huggingface.co/sentence-transformers/all-MiniLM-L6-v2/resolve/main/README.md "HTTP/1.1 307 Temporary Redirect"
2026-04-07 11:17:08,604 INFO httpx - HTTP Request: HEAD https://huggingface.co/api/resolve-cache/models/sentence-transformers/all-MiniLM-L6-v2/c9745ed1d9f207416be6d2e6f8de32d1f16199bf/README.md "HTTP/1.1 200 OK"
2026-04-07 11:17:08,625 INFO httpx - HTTP Request: GET https://huggingface.co/api/resolve-cache/models/sentence-transformers/all-MiniLM-L6-v2/c9745ed1d9f207416be6d2e6f8de32d1f16199bf/README.md "HTTP/1.1 200 OK"
2026-04-07 11:17:08,685 INFO httpx - HTTP Request: HEAD https://huggingface.co/sentence-transformers/all-MiniLM-L6-v2/resolve/main/modules.json "HTTP/1.1 307 Temporary Redirect"
2026-04-07 11:17:08,705 INFO httpx - HTTP Request: HEAD https://huggingface.co/api/resolve-cache/models/sentence-transformers/all-MiniLM-L6-v2/c9745ed1d9f207416be6d2e6f8de32d1f16199bf/modules.json "HTTP/1.1 200 OK"
2026-04-07 11:17:08,765 INFO httpx - HTTP Request: HEAD https://huggingface.co/sentence-transformers/all-MiniLM-L6-v2/resolve/main/sentence_bert_config.json "HTTP/1.1 307 Temporary Redirect"
2026-04-07 11:17:08,785 INFO httpx - HTTP Request: HEAD https://huggingface.co/api/resolve-cache/models/sentence-transformers/all-MiniLM-L6-v2/c9745ed1d9f207416be6d2e6f8de32d1f16199bf/sentence_bert_config.json "HTTP/1.1 200 OK"
2026-04-07 11:17:08,806 INFO httpx - HTTP Request: GET https://huggingface.co/api/resolve-cache/models/sentence-transformers/all-MiniLM-L6-v2/c9745ed1d9f207416be6d2e6f8de32d1f16199bf/sentence_bert_config.json "HTTP/1.1 200 OK"
2026-04-07 11:17:08,869 INFO httpx - HTTP Request: HEAD https://huggingface.co/sentence-transformers/all-MiniLM-L6-v2/resolve/main/adapter_config.json "HTTP/1.1 404 Not Found"
2026-04-07 11:17:08,930 INFO httpx - HTTP Request: HEAD https://huggingface.co/sentence-transformers/all-MiniLM-L6-v2/resolve/main/config.json "HTTP/1.1 307 Temporary Redirect"
2026-04-07 11:17:08,951 INFO httpx - HTTP Request: HEAD https://huggingface.co/api/resolve-cache/models/sentence-transformers/all-MiniLM-L6-v2/c9745ed1d9f207416be6d2e6f8de32d1f16199bf/config.json "HTTP/1.1 200 OK"
2026-04-07 11:17:08,971 INFO httpx - HTTP Request: GET https://huggingface.co/api/resolve-cache/models/sentence-transformers/all-MiniLM-L6-v2/c9745ed1d9f207416be6d2e6f8de32d1f16199bf/config.json "HTTP/1.1 200 OK"
2026-04-07 11:17:09,087 INFO httpx - HTTP Request: HEAD https://huggingface.co/sentence-transformers/all-MiniLM-L6-v2/resolve/main/model.safetensors "HTTP/1.1 302 Found"
2026-04-07 11:17:09,150 INFO httpx - HTTP Request: GET https://huggingface.co/api/models/sentence-transformers/all-MiniLM-L6-v2/xet-read-token/c9745ed1d9f207416be6d2e6f8de32d1f16199bf "HTTP/1.1 200 OK"
2026-04-07 11:17:10,236 WARNING transformers.modeling_utils - [1mBertModel LOAD REPORT[0m from: sentence-transformers/all-MiniLM-L6-v2
Key                     | Status     |  | 
------------------------+------------+--+-
embeddings.position_ids | UNEXPECTED |  | 

Notes:
- UNEXPECTED:	can be ignored when loading from different task/architecture; not ok if you expect identical arch.
2026-04-07 11:17:10,297 INFO httpx - HTTP Request: HEAD https://huggingface.co/sentence-transformers/all-MiniLM-L6-v2/resolve/main/config.json "HTTP/1.1 307 Temporary Redirect"
2026-04-07 11:17:10,318 INFO httpx - HTTP Request: HEAD https://huggingface.co/api/resolve-cache/models/sentence-transformers/all-MiniLM-L6-v2/c9745ed1d9f207416be6d2e6f8de32d1f16199bf/config.json "HTTP/1.1 200 OK"
2026-04-07 11:17:10,380 INFO httpx - HTTP Request: HEAD https://huggingface.co/sentence-transformers/all-MiniLM-L6-v2/resolve/main/tokenizer_config.json "HTTP/1.1 307 Temporary Redirect"
2026-04-07 11:17:10,400 INFO httpx - HTTP Request: HEAD https://huggingface.co/api/resolve-cache/models/sentence-transformers/all-MiniLM-L6-v2/c9745ed1d9f207416be6d2e6f8de32d1f16199bf/tokenizer_config.json "HTTP/1.1 200 OK"
2026-04-07 11:17:10,421 INFO httpx - HTTP Request: GET https://huggingface.co/api/resolve-cache/models/sentence-transformers/all-MiniLM-L6-v2/c9745ed1d9f207416be6d2e6f8de32d1f16199bf/tokenizer_config.json "HTTP/1.1 200 OK"
2026-04-07 11:17:10,484 INFO httpx - HTTP Request: GET https://huggingface.co/api/models/sentence-transformers/all-MiniLM-L6-v2/tree/main/additional_chat_templates?recursive=false&expand=false "HTTP/1.1 404 Not Found"
2026-04-07 11:17:10,548 INFO httpx - HTTP Request: GET https://huggingface.co/api/models/sentence-transformers/all-MiniLM-L6-v2/tree/main?recursive=true&expand=false "HTTP/1.1 200 OK"
2026-04-07 11:17:10,610 INFO httpx - HTTP Request: HEAD https://huggingface.co/sentence-transformers/all-MiniLM-L6-v2/resolve/main/vocab.txt "HTTP/1.1 307 Temporary Redirect"
2026-04-07 11:17:10,630 INFO httpx - HTTP Request: HEAD https://huggingface.co/api/resolve-cache/models/sentence-transformers/all-MiniLM-L6-v2/c9745ed1d9f207416be6d2e6f8de32d1f16199bf/vocab.txt "HTTP/1.1 200 OK"
2026-04-07 11:17:10,652 INFO httpx - HTTP Request: GET https://huggingface.co/api/resolve-cache/models/sentence-transformers/all-MiniLM-L6-v2/c9745ed1d9f207416be6d2e6f8de32d1f16199bf/vocab.txt "HTTP/1.1 200 OK"
2026-04-07 11:17:10,736 INFO httpx - HTTP Request: HEAD https://huggingface.co/sentence-transformers/all-MiniLM-L6-v2/resolve/main/tokenizer.json "HTTP/1.1 307 Temporary Redirect"
2026-04-07 11:17:10,758 INFO httpx - HTTP Request: HEAD https://huggingface.co/api/resolve-cache/models/sentence-transformers/all-MiniLM-L6-v2/c9745ed1d9f207416be6d2e6f8de32d1f16199bf/tokenizer.json "HTTP/1.1 200 OK"
2026-04-07 11:17:10,779 INFO httpx - HTTP Request: GET https://huggingface.co/api/resolve-cache/models/sentence-transformers/all-MiniLM-L6-v2/c9745ed1d9f207416be6d2e6f8de32d1f16199bf/tokenizer.json "HTTP/1.1 200 OK"
2026-04-07 11:17:10,867 INFO httpx - HTTP Request: HEAD https://huggingface.co/sentence-transformers/all-MiniLM-L6-v2/resolve/main/added_tokens.json "HTTP/1.1 404 Not Found"
2026-04-07 11:17:10,929 INFO httpx - HTTP Request: HEAD https://huggingface.co/sentence-transformers/all-MiniLM-L6-v2/resolve/main/special_tokens_map.json "HTTP/1.1 307 Temporary Redirect"
2026-04-07 11:17:10,950 INFO httpx - HTTP Request: HEAD https://huggingface.co/api/resolve-cache/models/sentence-transformers/all-MiniLM-L6-v2/c9745ed1d9f207416be6d2e6f8de32d1f16199bf/special_tokens_map.json "HTTP/1.1 200 OK"
2026-04-07 11:17:10,970 INFO httpx - HTTP Request: GET https://huggingface.co/api/resolve-cache/models/sentence-transformers/all-MiniLM-L6-v2/c9745ed1d9f207416be6d2e6f8de32d1f16199bf/special_tokens_map.json "HTTP/1.1 200 OK"
2026-04-07 11:17:11,032 INFO httpx - HTTP Request: HEAD https://huggingface.co/sentence-transformers/all-MiniLM-L6-v2/resolve/main/chat_template.jinja "HTTP/1.1 404 Not Found"
2026-04-07 11:17:11,150 INFO httpx - HTTP Request: HEAD https://huggingface.co/sentence-transformers/all-MiniLM-L6-v2/resolve/main/1_Pooling/config.json "HTTP/1.1 307 Temporary Redirect"
2026-04-07 11:17:11,171 INFO httpx - HTTP Request: HEAD https://huggingface.co/api/resolve-cache/models/sentence-transformers/all-MiniLM-L6-v2/c9745ed1d9f207416be6d2e6f8de32d1f16199bf/1_Pooling%2Fconfig.json "HTTP/1.1 200 OK"
2026-04-07 11:17:11,192 INFO httpx - HTTP Request: GET https://huggingface.co/api/resolve-cache/models/sentence-transformers/all-MiniLM-L6-v2/c9745ed1d9f207416be6d2e6f8de32d1f16199bf/1_Pooling%2Fconfig.json "HTTP/1.1 200 OK"
2026-04-07 11:17:11,256 INFO httpx - HTTP Request: GET https://huggingface.co/api/models/sentence-transformers/all-MiniLM-L6-v2 "HTTP/1.1 200 OK"
2026-04-07 11:17:11,260 INFO __main__ - Fetching trending topics for USA...
2026-04-07 11:17:11,682 WARNING src.app.trend_research - Failed to fetch Google Trends: The request failed: Google returned a response with code 404
2026-04-07 11:17:13,156 INFO __main__ - Using trending topic: Experimental therapy gantenerumab fails to slow or improve Alzheimer's memory loss in clinical trials
2026-04-07 11:17:23,401 INFO __main__ - Using trending topic: Desperate for heart surgery for their baby, a family feels the effects of pediatric hospital shortages
2026-04-07 11:17:35,890 WARNING src.app.gemini_client - Gemini transient failure; trying next key: key#1 transient_status=503
2026-04-07 11:18:00,510 WARNING src.app.gemini_client - Gemini transient failure; trying next key: key#1 transient_status=503
2026-04-07 11:18:01,733 WARNING src.app.gemini_client - Gemini transient failure; trying next key: key#1 transient_status=429
2026-04-07 11:18:10,387 WARNING src.app.gemini_client - Standard JSON parsing failed: Expecting ',' delimiter: line 1 column 2265 (char 2264). Attempting heuristic fix.
2026-04-07 11:18:10,387 ERROR __main__ - Failed slot 4
Traceback (most recent call last):
  File "/home/runner/work/Pin/Pin/src/app/gemini_client.py", line 169, in parse_json_from_text
    return json.loads(sanitized_v2)
           ^^^^^^^^^^^^^^^^^^^^^^^^
  File "/opt/hostedtoolcache/Python/3.11.15/x64/lib/python3.11/json/__init__.py", line 346, in loads
    return _default_decoder.decode(s)
           ^^^^^^^^^^^^^^^^^^^^^^^^^^
  File "/opt/hostedtoolcache/Python/3.11.15/x64/lib/python3.11/json/decoder.py", line 337, in decode
    obj, end = self.raw_decode(s, idx=_w(s, 0).end())
               ^^^^^^^^^^^^^^^^^^^^^^^^^^^^^^^^^^^^^^
  File "/opt/hostedtoolcache/Python/3.11.15/x64/lib/python3.11/json/decoder.py", line 353, in raw_decode
    obj, end = self.scan_once(s, idx)
               ^^^^^^^^^^^^^^^^^^^^^^
json.decoder.JSONDecodeError: Expecting ',' delimiter: line 1 column 2265 (char 2264)

During handling of the above exception, another exception occurred:

Traceback (most recent call last):
  File "/home/runner/work/Pin/Pin/src/app/run_daily.py", line 176, in main
    candidate = generate_article(client, topic, chosen_title, mode, offer)
                ^^^^^^^^^^^^^^^^^^^^^^^^^^^^^^^^^^^^^^^^^^^^^^^^^^^^^^^^^^
  File "/home/runner/work/Pin/Pin/src/app/content.py", line 107, in generate_article
    payload = client.generate_json(
              ^^^^^^^^^^^^^^^^^^^^^
  File "/home/runner/work/Pin/Pin/src/app/gemini_client.py", line 23, in generate_json
    return parse_json_from_text(text)
           ^^^^^^^^^^^^^^^^^^^^^^^^^^
  File "/home/runner/work/Pin/Pin/src/app/gemini_client.py", line 171, in parse_json_from_text
    raise e
  File "/home/runner/work/Pin/Pin/src/app/gemini_client.py", line 151, in parse_json_from_text
    return json.loads(sanitized)
           ^^^^^^^^^^^^^^^^^^^^^
  File "/opt/hostedtoolcache/Python/3.11.15/x64/lib/python3.11/json/__init__.py", line 346, in loads
    return _default_decoder.decode(s)
           ^^^^^^^^^^^^^^^^^^^^^^^^^^
  File "/opt/hostedtoolcache/Python/3.11.15/x64/lib/python3.11/json/decoder.py", line 337, in decode
    obj, end = self.raw_decode(s, idx=_w(s, 0).end())
               ^^^^^^^^^^^^^^^^^^^^^^^^^^^^^^^^^^^^^^
  File "/opt/hostedtoolcache/Python/3.11.15/x64/lib/python3.11/json/decoder.py", line 353, in raw_decode
    obj, end = self.scan_once(s, idx)
               ^^^^^^^^^^^^^^^^^^^^^^
json.decoder.JSONDecodeError: Expecting ',' delimiter: line 1 column 2265 (char 2264)
2026-04-07 11:18:10,586 WARNING src.app.gemini_client - Gemini transient failure; trying next key: key#1 transient_status=429
2026-04-07 11:18:11,671 WARNING src.app.gemini_client - Gemini transient failure; trying next key: key#1 transient_status=429
2026-04-07 11:18:19,421 WARNING src.app.gemini_client - Standard JSON parsing failed: Expecting ',' delimiter: line 1 column 1311 (char 1310). Attempting heuristic fix.
2026-04-07 11:18:19,421 ERROR __main__ - Failed slot 5
Traceback (most recent call last):
  File "/home/runner/work/Pin/Pin/src/app/gemini_client.py", line 169, in parse_json_from_text
    return json.loads(sanitized_v2)
           ^^^^^^^^^^^^^^^^^^^^^^^^
  File "/opt/hostedtoolcache/Python/3.11.15/x64/lib/python3.11/json/__init__.py", line 346, in loads
    return _default_decoder.decode(s)
           ^^^^^^^^^^^^^^^^^^^^^^^^^^
  File "/opt/hostedtoolcache/Python/3.11.15/x64/lib/python3.11/json/decoder.py", line 337, in decode
    obj, end = self.raw_decode(s, idx=_w(s, 0).end())
               ^^^^^^^^^^^^^^^^^^^^^^^^^^^^^^^^^^^^^^
  File "/opt/hostedtoolcache/Python/3.11.15/x64/lib/python3.11/json/decoder.py", line 353, in raw_decode
    obj, end = self.scan_once(s, idx)
               ^^^^^^^^^^^^^^^^^^^^^^
json.decoder.JSONDecodeError: Expecting ',' delimiter: line 1 column 1311 (char 1310)

During handling of the above exception, another exception occurred:

Traceback (most recent call last):
  File "/home/runner/work/Pin/Pin/src/app/run_daily.py", line 176, in main
    candidate = generate_article(client, topic, chosen_title, mode, offer)
                ^^^^^^^^^^^^^^^^^^^^^^^^^^^^^^^^^^^^^^^^^^^^^^^^^^^^^^^^^^
  File "/home/runner/work/Pin/Pin/src/app/content.py", line 107, in generate_article
    payload = client.generate_json(
              ^^^^^^^^^^^^^^^^^^^^^
  File "/home/runner/work/Pin/Pin/src/app/gemini_client.py", line 23, in generate_json
    return parse_json_from_text(text)
           ^^^^^^^^^^^^^^^^^^^^^^^^^^
  File "/home/runner/work/Pin/Pin/src/app/gemini_client.py", line 171, in parse_json_from_text
    raise e
  File "/home/runner/work/Pin/Pin/src/app/gemini_client.py", line 151, in parse_json_from_text
    return json.loads(sanitized)
           ^^^^^^^^^^^^^^^^^^^^^
  File "/opt/hostedtoolcache/Python/3.11.15/x64/lib/python3.11/json/__init__.py", line 346, in loads
    return _default_decoder.decode(s)
           ^^^^^^^^^^^^^^^^^^^^^^^^^^
  File "/opt/hostedtoolcache/Python/3.11.15/x64/lib/python3.11/json/decoder.py", line 337, in decode
    obj, end = self.raw_decode(s, idx=_w(s, 0).end())
               ^^^^^^^^^^^^^^^^^^^^^^^^^^^^^^^^^^^^^^
  File "/opt/hostedtoolcache/Python/3.11.15/x64/lib/python3.11/json/decoder.py", line 353, in raw_decode
    obj, end = self.scan_once(s, idx)
               ^^^^^^^^^^^^^^^^^^^^^^
json.decoder.JSONDecodeError: Expecting ',' delimiter: line 1 column 1311 (char 1310)
2026-04-07 11:18:19,423 INFO __main__ - Run complete. Published 0/5 posts.
2026-04-07 14:51:44,249 WARNING huggingface_hub.utils._http - Warning: You are sending unauthenticated requests to the HF Hub. Please set a HF_TOKEN to enable higher rate limits and faster downloads.
2026-04-07 14:51:45,415 WARNING transformers.modeling_utils - [1mBertModel LOAD REPORT[0m from: sentence-transformers/all-MiniLM-L6-v2
Key                     | Status     |  | 
------------------------+------------+--+-
embeddings.position_ids | UNEXPECTED |  | 

Notes:
- UNEXPECTED:	can be ignored when loading from different task/architecture; not ok if you expect identical arch.
2026-04-07 14:51:45,848 INFO __main__ - Fetching trending topics for USA...
2026-04-07 14:51:46,039 WARNING src.app.trend_research - Failed to fetch Google Trends: The request failed: Google returned a response with code 404
2026-04-07 14:51:46,974 INFO __main__ - Using trending topic: Experimental therapy gantenerumab fails to slow or improve Alzheimer's memory loss in clinical trials
2026-04-07 14:52:00,049 INFO __main__ - Using trending topic: Desperate for heart surgery for their baby, a family feels the effects of pediatric hospital shortages
2026-04-07 14:52:32,201 WARNING src.app.gemini_client - Standard JSON parsing failed: Expecting ',' delimiter: line 1 column 2000 (char 1999). Attempting heuristic fix.
2026-04-07 14:52:32,201 ERROR __main__ - Failed slot 3
Traceback (most recent call last):
  File "/home/runner/work/Pin/Pin/src/app/gemini_client.py", line 169, in parse_json_from_text
    return json.loads(sanitized_v2)
           ^^^^^^^^^^^^^^^^^^^^^^^^
  File "/opt/hostedtoolcache/Python/3.11.15/x64/lib/python3.11/json/__init__.py", line 346, in loads
    return _default_decoder.decode(s)
           ^^^^^^^^^^^^^^^^^^^^^^^^^^
  File "/opt/hostedtoolcache/Python/3.11.15/x64/lib/python3.11/json/decoder.py", line 337, in decode
    obj, end = self.raw_decode(s, idx=_w(s, 0).end())
               ^^^^^^^^^^^^^^^^^^^^^^^^^^^^^^^^^^^^^^
  File "/opt/hostedtoolcache/Python/3.11.15/x64/lib/python3.11/json/decoder.py", line 353, in raw_decode
    obj, end = self.scan_once(s, idx)
               ^^^^^^^^^^^^^^^^^^^^^^
json.decoder.JSONDecodeError: Expecting ',' delimiter: line 1 column 2000 (char 1999)

During handling of the above exception, another exception occurred:

Traceback (most recent call last):
  File "/home/runner/work/Pin/Pin/src/app/run_daily.py", line 181, in main
    candidate = generate_article(client, topic, chosen_title, mode, offer)
                ^^^^^^^^^^^^^^^^^^^^^^^^^^^^^^^^^^^^^^^^^^^^^^^^^^^^^^^^^^
  File "/home/runner/work/Pin/Pin/src/app/content.py", line 107, in generate_article
    payload = client.generate_json(
              ^^^^^^^^^^^^^^^^^^^^^
  File "/home/runner/work/Pin/Pin/src/app/gemini_client.py", line 23, in generate_json
    return parse_json_from_text(text)
           ^^^^^^^^^^^^^^^^^^^^^^^^^^
  File "/home/runner/work/Pin/Pin/src/app/gemini_client.py", line 171, in parse_json_from_text
    raise e
  File "/home/runner/work/Pin/Pin/src/app/gemini_client.py", line 151, in parse_json_from_text
    return json.loads(sanitized)
           ^^^^^^^^^^^^^^^^^^^^^
  File "/opt/hostedtoolcache/Python/3.11.15/x64/lib/python3.11/json/__init__.py", line 346, in loads
    return _default_decoder.decode(s)
           ^^^^^^^^^^^^^^^^^^^^^^^^^^
  File "/opt/hostedtoolcache/Python/3.11.15/x64/lib/python3.11/json/decoder.py", line 337, in decode
    obj, end = self.raw_decode(s, idx=_w(s, 0).end())
               ^^^^^^^^^^^^^^^^^^^^^^^^^^^^^^^^^^^^^^
  File "/opt/hostedtoolcache/Python/3.11.15/x64/lib/python3.11/json/decoder.py", line 353, in raw_decode
    obj, end = self.scan_once(s, idx)
               ^^^^^^^^^^^^^^^^^^^^^^
json.decoder.JSONDecodeError: Expecting ',' delimiter: line 1 column 2000 (char 1999)
2026-04-07 14:52:34,050 WARNING src.app.gemini_client - Gemini transient failure; trying next key: key#1 transient_status=429
2026-04-07 14:52:51,841 WARNING src.app.gemini_client - Standard JSON parsing failed: Expecting ',' delimiter: line 1 column 2717 (char 2716). Attempting heuristic fix.
2026-04-07 14:52:51,841 ERROR __main__ - Failed slot 4
Traceback (most recent call last):
  File "/home/runner/work/Pin/Pin/src/app/gemini_client.py", line 169, in parse_json_from_text
    return json.loads(sanitized_v2)
           ^^^^^^^^^^^^^^^^^^^^^^^^
  File "/opt/hostedtoolcache/Python/3.11.15/x64/lib/python3.11/json/__init__.py", line 346, in loads
    return _default_decoder.decode(s)
           ^^^^^^^^^^^^^^^^^^^^^^^^^^
  File "/opt/hostedtoolcache/Python/3.11.15/x64/lib/python3.11/json/decoder.py", line 337, in decode
    obj, end = self.raw_decode(s, idx=_w(s, 0).end())
               ^^^^^^^^^^^^^^^^^^^^^^^^^^^^^^^^^^^^^^
  File "/opt/hostedtoolcache/Python/3.11.15/x64/lib/python3.11/json/decoder.py", line 353, in raw_decode
    obj, end = self.scan_once(s, idx)
               ^^^^^^^^^^^^^^^^^^^^^^
json.decoder.JSONDecodeError: Expecting ',' delimiter: line 1 column 2717 (char 2716)

During handling of the above exception, another exception occurred:

Traceback (most recent call last):
  File "/home/runner/work/Pin/Pin/src/app/run_daily.py", line 181, in main
    candidate = generate_article(client, topic, chosen_title, mode, offer)
                ^^^^^^^^^^^^^^^^^^^^^^^^^^^^^^^^^^^^^^^^^^^^^^^^^^^^^^^^^^
  File "/home/runner/work/Pin/Pin/src/app/content.py", line 107, in generate_article
    payload = client.generate_json(
              ^^^^^^^^^^^^^^^^^^^^^
  File "/home/runner/work/Pin/Pin/src/app/gemini_client.py", line 23, in generate_json
    return parse_json_from_text(text)
           ^^^^^^^^^^^^^^^^^^^^^^^^^^
  File "/home/runner/work/Pin/Pin/src/app/gemini_client.py", line 171, in parse_json_from_text
    raise e
  File "/home/runner/work/Pin/Pin/src/app/gemini_client.py", line 151, in parse_json_from_text
    return json.loads(sanitized)
           ^^^^^^^^^^^^^^^^^^^^^
  File "/opt/hostedtoolcache/Python/3.11.15/x64/lib/python3.11/json/__init__.py", line 346, in loads
    return _default_decoder.decode(s)
           ^^^^^^^^^^^^^^^^^^^^^^^^^^
  File "/opt/hostedtoolcache/Python/3.11.15/x64/lib/python3.11/json/decoder.py", line 337, in decode
    obj, end = self.raw_decode(s, idx=_w(s, 0).end())
               ^^^^^^^^^^^^^^^^^^^^^^^^^^^^^^^^^^^^^^
  File "/opt/hostedtoolcache/Python/3.11.15/x64/lib/python3.11/json/decoder.py", line 353, in raw_decode
    obj, end = self.scan_once(s, idx)
               ^^^^^^^^^^^^^^^^^^^^^^
json.decoder.JSONDecodeError: Expecting ',' delimiter: line 1 column 2717 (char 2716)
2026-04-07 14:53:01,124 WARNING src.app.gemini_client - Standard JSON parsing failed: Expecting ',' delimiter: line 1 column 5497 (char 5496). Attempting heuristic fix.
2026-04-07 14:53:01,124 ERROR __main__ - Failed slot 5
Traceback (most recent call last):
  File "/home/runner/work/Pin/Pin/src/app/gemini_client.py", line 169, in parse_json_from_text
    return json.loads(sanitized_v2)
           ^^^^^^^^^^^^^^^^^^^^^^^^
  File "/opt/hostedtoolcache/Python/3.11.15/x64/lib/python3.11/json/__init__.py", line 346, in loads
    return _default_decoder.decode(s)
           ^^^^^^^^^^^^^^^^^^^^^^^^^^
  File "/opt/hostedtoolcache/Python/3.11.15/x64/lib/python3.11/json/decoder.py", line 337, in decode
    obj, end = self.raw_decode(s, idx=_w(s, 0).end())
               ^^^^^^^^^^^^^^^^^^^^^^^^^^^^^^^^^^^^^^
  File "/opt/hostedtoolcache/Python/3.11.15/x64/lib/python3.11/json/decoder.py", line 353, in raw_decode
    obj, end = self.scan_once(s, idx)
               ^^^^^^^^^^^^^^^^^^^^^^
json.decoder.JSONDecodeError: Expecting ',' delimiter: line 1 column 5497 (char 5496)

During handling of the above exception, another exception occurred:

Traceback (most recent call last):
  File "/home/runner/work/Pin/Pin/src/app/run_daily.py", line 181, in main
    candidate = generate_article(client, topic, chosen_title, mode, offer)
                ^^^^^^^^^^^^^^^^^^^^^^^^^^^^^^^^^^^^^^^^^^^^^^^^^^^^^^^^^^
  File "/home/runner/work/Pin/Pin/src/app/content.py", line 107, in generate_article
    payload = client.generate_json(
              ^^^^^^^^^^^^^^^^^^^^^
  File "/home/runner/work/Pin/Pin/src/app/gemini_client.py", line 23, in generate_json
    return parse_json_from_text(text)
           ^^^^^^^^^^^^^^^^^^^^^^^^^^
  File "/home/runner/work/Pin/Pin/src/app/gemini_client.py", line 171, in parse_json_from_text
    raise e
  File "/home/runner/work/Pin/Pin/src/app/gemini_client.py", line 151, in parse_json_from_text
    return json.loads(sanitized)
           ^^^^^^^^^^^^^^^^^^^^^
  File "/opt/hostedtoolcache/Python/3.11.15/x64/lib/python3.11/json/__init__.py", line 346, in loads
    return _default_decoder.decode(s)
           ^^^^^^^^^^^^^^^^^^^^^^^^^^
  File "/opt/hostedtoolcache/Python/3.11.15/x64/lib/python3.11/json/decoder.py", line 337, in decode
    obj, end = self.raw_decode(s, idx=_w(s, 0).end())
               ^^^^^^^^^^^^^^^^^^^^^^^^^^^^^^^^^^^^^^
  File "/opt/hostedtoolcache/Python/3.11.15/x64/lib/python3.11/json/decoder.py", line 353, in raw_decode
    obj, end = self.scan_once(s, idx)
               ^^^^^^^^^^^^^^^^^^^^^^
json.decoder.JSONDecodeError: Expecting ',' delimiter: line 1 column 5497 (char 5496)
2026-04-07 14:53:01,126 INFO __main__ - Run complete. Published 0/5 posts.
2026-04-07 15:04:29,619 WARNING huggingface_hub.utils._http - Warning: You are sending unauthenticated requests to the HF Hub. Please set a HF_TOKEN to enable higher rate limits and faster downloads.
2026-04-07 15:04:30,814 INFO __main__ - Fetching trending topics for USA...
2026-04-07 15:04:31,114 WARNING src.app.trend_research - Failed to fetch Google Trends: The request failed: Google returned a response with code 404
2026-04-07 15:04:32,032 INFO __main__ - Using trending topic: Experimental therapy gantenerumab fails to slow or improve Alzheimer's memory loss in clinical trials
2026-04-07 15:04:32,219 WARNING src.app.gemini_client - Gemini transient failure; trying next key: key#1 transient_status=429
2026-04-07 15:04:33,380 WARNING src.app.gemini_client - Gemini transient failure; trying next key: key#1 transient_status=429
2026-04-07 15:04:34,508 WARNING src.app.gemini_client - Gemini transient failure; trying next key: key#1 transient_status=429
2026-04-07 15:04:43,451 INFO __main__ - Using trending topic: Desperate for heart surgery for their baby, a family feels the effects of pediatric hospital shortages
2026-04-07 15:04:43,625 WARNING src.app.gemini_client - Gemini transient failure; trying next key: key#1 transient_status=429
2026-04-07 15:04:46,406 WARNING src.app.gemini_client - Gemini transient failure; trying next key: key#1 transient_status=429
2026-04-07 15:04:54,883 WARNING src.app.gemini_client - Gemini transient failure; trying next key: key#1 transient_status=429
2026-04-07 15:04:56,811 WARNING src.app.gemini_client - Gemini transient failure; trying next key: key#1 transient_status=429
2026-04-07 15:04:58,613 WARNING src.app.gemini_client - Gemini transient failure; trying next key: key#2 transient_status=503
2026-04-07 15:04:58,725 WARNING src.app.gemini_client - Gemini non-retriable failure: key#3 http_error=400 body={
  "error": {
    "code": 400,
    "message": "API key not valid. Please pass a valid API key.",
    "status": "INVALID_ARGUMENT",
    "details": [
      {
   
2026-04-07 15:04:58,825 WARNING src.app.gemini_client - Gemini non-retriable failure: key#4 http_error=400 body={
  "error": {
    "code": 400,
    "message": "API key not valid. Please pass a valid API key.",
    "status": "INVALID_ARGUMENT",
    "details": [
      {
   
2026-04-07 15:05:00,155 WARNING src.app.gemini_client - Gemini transient failure; trying next key: key#1 transient_status=429
2026-04-07 15:05:07,777 WARNING src.app.gemini_client - Standard JSON parsing failed: Expecting ',' delimiter: line 1 column 2213 (char 2212). Attempting heuristic fix.
2026-04-07 15:05:07,777 ERROR __main__ - Failed slot 3
Traceback (most recent call last):
  File "/home/runner/work/Pin/Pin/src/app/gemini_client.py", line 169, in parse_json_from_text
    return json.loads(sanitized_v2)
           ^^^^^^^^^^^^^^^^^^^^^^^^
  File "/opt/hostedtoolcache/Python/3.11.15/x64/lib/python3.11/json/__init__.py", line 346, in loads
    return _default_decoder.decode(s)
           ^^^^^^^^^^^^^^^^^^^^^^^^^^
  File "/opt/hostedtoolcache/Python/3.11.15/x64/lib/python3.11/json/decoder.py", line 337, in decode
    obj, end = self.raw_decode(s, idx=_w(s, 0).end())
               ^^^^^^^^^^^^^^^^^^^^^^^^^^^^^^^^^^^^^^
  File "/opt/hostedtoolcache/Python/3.11.15/x64/lib/python3.11/json/decoder.py", line 353, in raw_decode
    obj, end = self.scan_once(s, idx)
               ^^^^^^^^^^^^^^^^^^^^^^
json.decoder.JSONDecodeError: Expecting ',' delimiter: line 1 column 2213 (char 2212)

During handling of the above exception, another exception occurred:

Traceback (most recent call last):
  File "/home/runner/work/Pin/Pin/src/app/run_daily.py", line 181, in main
    candidate = generate_article(client, topic, chosen_title, mode, offer)
                ^^^^^^^^^^^^^^^^^^^^^^^^^^^^^^^^^^^^^^^^^^^^^^^^^^^^^^^^^^
  File "/home/runner/work/Pin/Pin/src/app/content.py", line 107, in generate_article
    payload = client.generate_json(
              ^^^^^^^^^^^^^^^^^^^^^
  File "/home/runner/work/Pin/Pin/src/app/gemini_client.py", line 23, in generate_json
    return parse_json_from_text(text)
           ^^^^^^^^^^^^^^^^^^^^^^^^^^
  File "/home/runner/work/Pin/Pin/src/app/gemini_client.py", line 171, in parse_json_from_text
    raise e
  File "/home/runner/work/Pin/Pin/src/app/gemini_client.py", line 151, in parse_json_from_text
    return json.loads(sanitized)
           ^^^^^^^^^^^^^^^^^^^^^
  File "/opt/hostedtoolcache/Python/3.11.15/x64/lib/python3.11/json/__init__.py", line 346, in loads
    return _default_decoder.decode(s)
           ^^^^^^^^^^^^^^^^^^^^^^^^^^
  File "/opt/hostedtoolcache/Python/3.11.15/x64/lib/python3.11/json/decoder.py", line 337, in decode
    obj, end = self.raw_decode(s, idx=_w(s, 0).end())
               ^^^^^^^^^^^^^^^^^^^^^^^^^^^^^^^^^^^^^^
  File "/opt/hostedtoolcache/Python/3.11.15/x64/lib/python3.11/json/decoder.py", line 353, in raw_decode
    obj, end = self.scan_once(s, idx)
               ^^^^^^^^^^^^^^^^^^^^^^
json.decoder.JSONDecodeError: Expecting ',' delimiter: line 1 column 2213 (char 2212)
2026-04-07 15:05:07,955 WARNING src.app.gemini_client - Gemini transient failure; trying next key: key#1 transient_status=429
2026-04-07 15:05:09,642 WARNING src.app.gemini_client - Gemini transient failure; trying next key: key#1 transient_status=429
2026-04-07 15:05:17,628 WARNING src.app.gemini_client - Gemini transient failure; trying next key: key#1 transient_status=429
2026-04-07 15:05:26,787 WARNING src.app.gemini_client - Standard JSON parsing failed: Expecting ',' delimiter: line 1 column 5735 (char 5734). Attempting heuristic fix.
2026-04-07 15:05:26,787 ERROR __main__ - Failed slot 4
Traceback (most recent call last):
  File "/home/runner/work/Pin/Pin/src/app/gemini_client.py", line 169, in parse_json_from_text
    return json.loads(sanitized_v2)
           ^^^^^^^^^^^^^^^^^^^^^^^^
  File "/opt/hostedtoolcache/Python/3.11.15/x64/lib/python3.11/json/__init__.py", line 346, in loads
    return _default_decoder.decode(s)
           ^^^^^^^^^^^^^^^^^^^^^^^^^^
  File "/opt/hostedtoolcache/Python/3.11.15/x64/lib/python3.11/json/decoder.py", line 337, in decode
    obj, end = self.raw_decode(s, idx=_w(s, 0).end())
               ^^^^^^^^^^^^^^^^^^^^^^^^^^^^^^^^^^^^^^
  File "/opt/hostedtoolcache/Python/3.11.15/x64/lib/python3.11/json/decoder.py", line 353, in raw_decode
    obj, end = self.scan_once(s, idx)
               ^^^^^^^^^^^^^^^^^^^^^^
json.decoder.JSONDecodeError: Expecting ',' delimiter: line 1 column 5735 (char 5734)

During handling of the above exception, another exception occurred:

Traceback (most recent call last):
  File "/home/runner/work/Pin/Pin/src/app/run_daily.py", line 181, in main
    candidate = generate_article(client, topic, chosen_title, mode, offer)
                ^^^^^^^^^^^^^^^^^^^^^^^^^^^^^^^^^^^^^^^^^^^^^^^^^^^^^^^^^^
  File "/home/runner/work/Pin/Pin/src/app/content.py", line 107, in generate_article
    payload = client.generate_json(
              ^^^^^^^^^^^^^^^^^^^^^
  File "/home/runner/work/Pin/Pin/src/app/gemini_client.py", line 23, in generate_json
    return parse_json_from_text(text)
           ^^^^^^^^^^^^^^^^^^^^^^^^^^
  File "/home/runner/work/Pin/Pin/src/app/gemini_client.py", line 171, in parse_json_from_text
    raise e
  File "/home/runner/work/Pin/Pin/src/app/gemini_client.py", line 151, in parse_json_from_text
    return json.loads(sanitized)
           ^^^^^^^^^^^^^^^^^^^^^
  File "/opt/hostedtoolcache/Python/3.11.15/x64/lib/python3.11/json/__init__.py", line 346, in loads
    return _default_decoder.decode(s)
           ^^^^^^^^^^^^^^^^^^^^^^^^^^
  File "/opt/hostedtoolcache/Python/3.11.15/x64/lib/python3.11/json/decoder.py", line 337, in decode
    obj, end = self.raw_decode(s, idx=_w(s, 0).end())
               ^^^^^^^^^^^^^^^^^^^^^^^^^^^^^^^^^^^^^^
  File "/opt/hostedtoolcache/Python/3.11.15/x64/lib/python3.11/json/decoder.py", line 353, in raw_decode
    obj, end = self.scan_once(s, idx)
               ^^^^^^^^^^^^^^^^^^^^^^
json.decoder.JSONDecodeError: Expecting ',' delimiter: line 1 column 5735 (char 5734)
2026-04-07 15:05:26,915 WARNING src.app.gemini_client - Gemini transient failure; trying next key: key#1 transient_status=429
2026-04-07 15:05:28,353 WARNING src.app.gemini_client - Gemini transient failure; trying next key: key#1 transient_status=429
2026-04-07 15:05:28,490 WARNING src.app.gemini_client - Gemini transient failure; trying next key: key#2 transient_status=429
2026-04-07 15:05:28,624 WARNING src.app.gemini_client - Gemini non-retriable failure: key#3 http_error=400 body={
  "error": {
    "code": 400,
    "message": "API key not valid. Please pass a valid API key.",
    "status": "INVALID_ARGUMENT",
    "details": [
      {
   
2026-04-07 15:05:28,737 WARNING src.app.gemini_client - Gemini non-retriable failure: key#4 http_error=400 body={
  "error": {
    "code": 400,
    "message": "API key not valid. Please pass a valid API key.",
    "status": "INVALID_ARGUMENT",
    "details": [
      {
   
2026-04-07 15:05:30,070 WARNING src.app.gemini_client - Gemini transient failure; trying next key: key#1 transient_status=429
2026-04-07 15:05:30,192 WARNING src.app.gemini_client - Gemini transient failure; trying next key: key#2 transient_status=429
2026-04-07 15:05:30,327 WARNING src.app.gemini_client - Gemini non-retriable failure: key#3 http_error=400 body={
  "error": {
    "code": 400,
    "message": "API key not valid. Please pass a valid API key.",
    "status": "INVALID_ARGUMENT",
    "details": [
      {
   
2026-04-07 15:05:30,428 WARNING src.app.gemini_client - Gemini non-retriable failure: key#4 http_error=400 body={
  "error": {
    "code": 400,
    "message": "API key not valid. Please pass a valid API key.",
    "status": "INVALID_ARGUMENT",
    "details": [
      {
   
2026-04-07 15:05:32,829 ERROR __main__ - Failed slot 5
Traceback (most recent call last):
  File "/home/runner/work/Pin/Pin/src/app/run_daily.py", line 181, in main
    candidate = generate_article(client, topic, chosen_title, mode, offer)
                ^^^^^^^^^^^^^^^^^^^^^^^^^^^^^^^^^^^^^^^^^^^^^^^^^^^^^^^^^^
  File "/home/runner/work/Pin/Pin/src/app/content.py", line 107, in generate_article
    payload = client.generate_json(
              ^^^^^^^^^^^^^^^^^^^^^
  File "/home/runner/work/Pin/Pin/src/app/gemini_client.py", line 22, in generate_json
    text = self.generate_text(prompt, max_output_tokens=max_output_tokens)
           ^^^^^^^^^^^^^^^^^^^^^^^^^^^^^^^^^^^^^^^^^^^^^^^^^^^^^^^^^^^^^^^
  File "/home/runner/work/Pin/Pin/src/app/gemini_client.py", line 70, in generate_text
    raise RuntimeError(f"Gemini failed after key failover: {'; '.join(errors)}")
RuntimeError: Gemini failed after key failover: key#1 transient_status=429; key#2 transient_status=429; key#3 http_error=400 body={
  "error": {
    "code": 400,
    "message": "API key not valid. Please pass a valid API key.",
    "status": "INVALID_ARGUMENT",
    "details": [
      {
   ; key#4 http_error=400 body={
  "error": {
    "code": 400,
    "message": "API key not valid. Please pass a valid API key.",
    "status": "INVALID_ARGUMENT",
    "details": [
      {
   ; key#1 transient_status=429; key#2 transient_status=429; key#3 http_error=400 body={
  "error": {
    "code": 400,
    "message": "API key not valid. Please pass a valid API key.",
    "status": "INVALID_ARGUMENT",
    "details": [
      {
   ; key#4 http_error=400 body={
  "error": {
    "code": 400,
    "message": "API key not valid. Please pass a valid API key.",
    "status": "INVALID_ARGUMENT",
    "details": [
      {
   
2026-04-07 15:05:32,831 INFO __main__ - Run complete. Published 0/5 posts.
2026-04-07 15:38:12,441 WARNING huggingface_hub.utils._http - Warning: You are sending unauthenticated requests to the HF Hub. Please set a HF_TOKEN to enable higher rate limits and faster downloads.
2026-04-07 15:38:13,428 INFO __main__ - Fetching trending topics for USA...
2026-04-07 15:38:13,693 WARNING src.app.trend_research - Failed to fetch Google Trends: The request failed: Google returned a response with code 404
2026-04-07 15:38:14,273 INFO __main__ - Using trending topic: Experimental therapy gantenerumab fails to slow or improve Alzheimer's memory loss in clinical trials
2026-04-07 15:38:14,457 WARNING src.app.gemini_client - Gemini transient failure; trying next key: key#1 transient_status=429
2026-04-07 15:38:15,800 WARNING src.app.gemini_client - Gemini transient failure; trying next key: key#1 transient_status=429
2026-04-07 15:38:15,927 WARNING src.app.gemini_client - Gemini transient failure; trying next key: key#2 transient_status=429
2026-04-07 15:38:17,476 WARNING src.app.gemini_client - Gemini transient failure; trying next key: key#1 transient_status=429
2026-04-07 15:38:26,099 INFO __main__ - Using trending topic: Desperate for heart surgery for their baby, a family feels the effects of pediatric hospital shortages
2026-04-07 15:38:26,226 WARNING src.app.gemini_client - Gemini transient failure; trying next key: key#1 transient_status=429
2026-04-07 15:38:26,348 WARNING src.app.gemini_client - Gemini transient failure; trying next key: key#2 transient_status=429
2026-04-07 15:38:31,659 WARNING src.app.gemini_client - Gemini transient failure; trying next key: key#1 transient_status=429
2026-04-07 15:38:31,786 WARNING src.app.gemini_client - Gemini transient failure; trying next key: key#2 transient_status=429
2026-04-07 15:38:33,303 WARNING src.app.gemini_client - Gemini transient failure; trying next key: key#1 transient_status=429
2026-04-07 15:38:43,709 WARNING src.app.gemini_client - Gemini transient failure; trying next key: key#1 transient_status=429
2026-04-07 15:38:51,939 WARNING src.app.gemini_client - Gemini transient failure; trying next key: key#1 transient_status=429
2026-04-07 15:38:52,077 WARNING src.app.gemini_client - Gemini transient failure; trying next key: key#2 transient_status=429
2026-04-07 15:39:00,473 WARNING src.app.gemini_client - Gemini transient failure; trying next key: key#1 transient_status=429
2026-04-07 15:39:00,603 WARNING src.app.gemini_client - Gemini transient failure; trying next key: key#2 transient_status=429
2026-04-07 15:39:01,738 WARNING src.app.gemini_client - Gemini transient failure; trying next key: key#1 transient_status=429
2026-04-07 15:39:01,870 WARNING src.app.gemini_client - Gemini transient failure; trying next key: key#2 transient_status=429
2026-04-07 15:39:10,316 WARNING src.app.gemini_client - Gemini transient failure; trying next key: key#1 transient_status=429
2026-04-07 15:39:10,435 WARNING src.app.gemini_client - Gemini transient failure; trying next key: key#2 transient_status=429
2026-04-07 15:39:17,881 WARNING src.app.gemini_client - Gemini transient failure; trying next key: key#1 transient_status=429
2026-04-07 15:39:18,006 WARNING src.app.gemini_client - Gemini transient failure; trying next key: key#2 transient_status=429
2026-04-07 15:39:24,373 WARNING src.app.gemini_client - Standard JSON parsing failed: Expecting ',' delimiter: line 1 column 4400 (char 4399). Attempting heuristic fix.
2026-04-07 15:39:24,374 ERROR __main__ - Failed slot 3
Traceback (most recent call last):
  File "/home/runner/work/Pin/Pin/src/app/gemini_client.py", line 169, in parse_json_from_text
    return json.loads(sanitized_v2)
           ^^^^^^^^^^^^^^^^^^^^^^^^
  File "/opt/hostedtoolcache/Python/3.11.15/x64/lib/python3.11/json/__init__.py", line 346, in loads
    return _default_decoder.decode(s)
           ^^^^^^^^^^^^^^^^^^^^^^^^^^
  File "/opt/hostedtoolcache/Python/3.11.15/x64/lib/python3.11/json/decoder.py", line 337, in decode
    obj, end = self.raw_decode(s, idx=_w(s, 0).end())
               ^^^^^^^^^^^^^^^^^^^^^^^^^^^^^^^^^^^^^^
  File "/opt/hostedtoolcache/Python/3.11.15/x64/lib/python3.11/json/decoder.py", line 353, in raw_decode
    obj, end = self.scan_once(s, idx)
               ^^^^^^^^^^^^^^^^^^^^^^
json.decoder.JSONDecodeError: Expecting ',' delimiter: line 1 column 4400 (char 4399)

During handling of the above exception, another exception occurred:

Traceback (most recent call last):
  File "/home/runner/work/Pin/Pin/src/app/run_daily.py", line 181, in main
    candidate = generate_article(client, topic, chosen_title, mode, offer)
                ^^^^^^^^^^^^^^^^^^^^^^^^^^^^^^^^^^^^^^^^^^^^^^^^^^^^^^^^^^
  File "/home/runner/work/Pin/Pin/src/app/content.py", line 107, in generate_article
    payload = client.generate_json(
              ^^^^^^^^^^^^^^^^^^^^^
  File "/home/runner/work/Pin/Pin/src/app/gemini_client.py", line 23, in generate_json
    return parse_json_from_text(text)
           ^^^^^^^^^^^^^^^^^^^^^^^^^^
  File "/home/runner/work/Pin/Pin/src/app/gemini_client.py", line 171, in parse_json_from_text
    raise e
  File "/home/runner/work/Pin/Pin/src/app/gemini_client.py", line 151, in parse_json_from_text
    return json.loads(sanitized)
           ^^^^^^^^^^^^^^^^^^^^^
  File "/opt/hostedtoolcache/Python/3.11.15/x64/lib/python3.11/json/__init__.py", line 346, in loads
    return _default_decoder.decode(s)
           ^^^^^^^^^^^^^^^^^^^^^^^^^^
  File "/opt/hostedtoolcache/Python/3.11.15/x64/lib/python3.11/json/decoder.py", line 337, in decode
    obj, end = self.raw_decode(s, idx=_w(s, 0).end())
               ^^^^^^^^^^^^^^^^^^^^^^^^^^^^^^^^^^^^^^
  File "/opt/hostedtoolcache/Python/3.11.15/x64/lib/python3.11/json/decoder.py", line 353, in raw_decode
    obj, end = self.scan_once(s, idx)
               ^^^^^^^^^^^^^^^^^^^^^^
json.decoder.JSONDecodeError: Expecting ',' delimiter: line 1 column 4400 (char 4399)
2026-04-07 15:39:24,562 WARNING src.app.gemini_client - Gemini transient failure; trying next key: key#1 transient_status=429
2026-04-07 15:39:26,707 WARNING src.app.gemini_client - Gemini transient failure; trying next key: key#1 transient_status=429
2026-04-07 15:39:26,838 WARNING src.app.gemini_client - Gemini transient failure; trying next key: key#2 transient_status=429
2026-04-07 15:39:35,433 WARNING src.app.gemini_client - Gemini transient failure; trying next key: key#1 transient_status=429
2026-04-07 15:39:35,746 WARNING src.app.gemini_client - Gemini transient failure; trying next key: key#2 transient_status=429
2026-04-07 15:39:44,222 WARNING src.app.gemini_client - Gemini transient failure; trying next key: key#1 transient_status=429
2026-04-07 15:39:44,354 WARNING src.app.gemini_client - Gemini transient failure; trying next key: key#2 transient_status=429
2026-04-07 15:39:45,579 WARNING src.app.gemini_client - Gemini transient failure; trying next key: key#1 transient_status=429
2026-04-07 15:39:45,712 WARNING src.app.gemini_client - Gemini transient failure; trying next key: key#2 transient_status=429
2026-04-07 15:39:54,021 WARNING src.app.gemini_client - Gemini transient failure; trying next key: key#1 transient_status=429
2026-04-07 15:39:54,188 WARNING src.app.gemini_client - Gemini transient failure; trying next key: key#2 transient_status=429
2026-04-07 15:40:03,167 INFO __main__ - Run complete. Published 0/5 posts.
2026-04-07 17:26:51,316 WARNING huggingface_hub.utils._http - Warning: You are sending unauthenticated requests to the HF Hub. Please set a HF_TOKEN to enable higher rate limits and faster downloads.
2026-04-07 17:26:52,524 INFO __main__ - Fetching trending topics for USA...
2026-04-07 17:26:52,720 WARNING src.app.trend_research - Failed to fetch Google Trends: The request failed: Google returned a response with code 404
2026-04-07 17:26:53,357 INFO __main__ - Using trending topic: Experimental therapy gantenerumab fails to slow or improve Alzheimer's memory loss in clinical trials
2026-04-07 17:26:54,573 WARNING src.app.gemini_client - Gemini transient failure; trying next key: key#1 transient_status=429
2026-04-07 17:27:04,481 WARNING src.app.gemini_client - Standard JSON parsing failed: Expecting ',' delimiter: line 1 column 5546 (char 5545). Attempting heuristic fix.
2026-04-07 17:27:04,481 ERROR __main__ - Failed slot 1
Traceback (most recent call last):
  File "/home/runner/work/Pin/Pin/src/app/gemini_client.py", line 169, in parse_json_from_text
    return json.loads(sanitized_v2)
           ^^^^^^^^^^^^^^^^^^^^^^^^
  File "/opt/hostedtoolcache/Python/3.11.15/x64/lib/python3.11/json/__init__.py", line 346, in loads
    return _default_decoder.decode(s)
           ^^^^^^^^^^^^^^^^^^^^^^^^^^
  File "/opt/hostedtoolcache/Python/3.11.15/x64/lib/python3.11/json/decoder.py", line 337, in decode
    obj, end = self.raw_decode(s, idx=_w(s, 0).end())
               ^^^^^^^^^^^^^^^^^^^^^^^^^^^^^^^^^^^^^^
  File "/opt/hostedtoolcache/Python/3.11.15/x64/lib/python3.11/json/decoder.py", line 353, in raw_decode
    obj, end = self.scan_once(s, idx)
               ^^^^^^^^^^^^^^^^^^^^^^
json.decoder.JSONDecodeError: Expecting ',' delimiter: line 1 column 5546 (char 5545)

During handling of the above exception, another exception occurred:

Traceback (most recent call last):
  File "/home/runner/work/Pin/Pin/src/app/run_daily.py", line 181, in main
    candidate = generate_article(client, topic, chosen_title, mode, offer)
                ^^^^^^^^^^^^^^^^^^^^^^^^^^^^^^^^^^^^^^^^^^^^^^^^^^^^^^^^^^
  File "/home/runner/work/Pin/Pin/src/app/content.py", line 107, in generate_article
    payload = client.generate_json(
              ^^^^^^^^^^^^^^^^^^^^^
  File "/home/runner/work/Pin/Pin/src/app/gemini_client.py", line 23, in generate_json
    return parse_json_from_text(text)
           ^^^^^^^^^^^^^^^^^^^^^^^^^^
  File "/home/runner/work/Pin/Pin/src/app/gemini_client.py", line 171, in parse_json_from_text
    raise e
  File "/home/runner/work/Pin/Pin/src/app/gemini_client.py", line 151, in parse_json_from_text
    return json.loads(sanitized)
           ^^^^^^^^^^^^^^^^^^^^^
  File "/opt/hostedtoolcache/Python/3.11.15/x64/lib/python3.11/json/__init__.py", line 346, in loads
    return _default_decoder.decode(s)
           ^^^^^^^^^^^^^^^^^^^^^^^^^^
  File "/opt/hostedtoolcache/Python/3.11.15/x64/lib/python3.11/json/decoder.py", line 337, in decode
    obj, end = self.raw_decode(s, idx=_w(s, 0).end())
               ^^^^^^^^^^^^^^^^^^^^^^^^^^^^^^^^^^^^^^
  File "/opt/hostedtoolcache/Python/3.11.15/x64/lib/python3.11/json/decoder.py", line 353, in raw_decode
    obj, end = self.scan_once(s, idx)
               ^^^^^^^^^^^^^^^^^^^^^^
json.decoder.JSONDecodeError: Expecting ',' delimiter: line 1 column 5546 (char 5545)
2026-04-07 17:27:04,504 INFO __main__ - Using trending topic: Desperate for heart surgery for their baby, a family feels the effects of pediatric hospital shortages
2026-04-07 17:27:06,560 WARNING src.app.gemini_client - Gemini transient failure; trying next key: key#1 transient_status=429
2026-04-07 17:27:06,693 WARNING src.app.gemini_client - Gemini transient failure; trying next key: key#2 transient_status=429
2026-04-07 17:27:15,977 WARNING src.app.gemini_client - Gemini transient failure; trying next key: key#1 transient_status=429
2026-04-07 17:27:17,731 WARNING src.app.gemini_client - Gemini transient failure; trying next key: key#1 transient_status=429
2026-04-07 17:27:17,874 WARNING src.app.gemini_client - Gemini transient failure; trying next key: key#2 transient_status=429
2026-04-07 17:27:24,717 WARNING src.app.gemini_client - Standard JSON parsing failed: Expecting ',' delimiter: line 1 column 1431 (char 1430). Attempting heuristic fix.
2026-04-07 17:27:24,717 ERROR __main__ - Failed slot 3
Traceback (most recent call last):
  File "/home/runner/work/Pin/Pin/src/app/gemini_client.py", line 169, in parse_json_from_text
    return json.loads(sanitized_v2)
           ^^^^^^^^^^^^^^^^^^^^^^^^
  File "/opt/hostedtoolcache/Python/3.11.15/x64/lib/python3.11/json/__init__.py", line 346, in loads
    return _default_decoder.decode(s)
           ^^^^^^^^^^^^^^^^^^^^^^^^^^
  File "/opt/hostedtoolcache/Python/3.11.15/x64/lib/python3.11/json/decoder.py", line 337, in decode
    obj, end = self.raw_decode(s, idx=_w(s, 0).end())
               ^^^^^^^^^^^^^^^^^^^^^^^^^^^^^^^^^^^^^^
  File "/opt/hostedtoolcache/Python/3.11.15/x64/lib/python3.11/json/decoder.py", line 353, in raw_decode
    obj, end = self.scan_once(s, idx)
               ^^^^^^^^^^^^^^^^^^^^^^
json.decoder.JSONDecodeError: Expecting ',' delimiter: line 1 column 1431 (char 1430)

During handling of the above exception, another exception occurred:

Traceback (most recent call last):
  File "/home/runner/work/Pin/Pin/src/app/run_daily.py", line 181, in main
    candidate = generate_article(client, topic, chosen_title, mode, offer)
                ^^^^^^^^^^^^^^^^^^^^^^^^^^^^^^^^^^^^^^^^^^^^^^^^^^^^^^^^^^
  File "/home/runner/work/Pin/Pin/src/app/content.py", line 107, in generate_article
    payload = client.generate_json(
              ^^^^^^^^^^^^^^^^^^^^^
  File "/home/runner/work/Pin/Pin/src/app/gemini_client.py", line 23, in generate_json
    return parse_json_from_text(text)
           ^^^^^^^^^^^^^^^^^^^^^^^^^^
  File "/home/runner/work/Pin/Pin/src/app/gemini_client.py", line 171, in parse_json_from_text
    raise e
  File "/home/runner/work/Pin/Pin/src/app/gemini_client.py", line 151, in parse_json_from_text
    return json.loads(sanitized)
           ^^^^^^^^^^^^^^^^^^^^^
  File "/opt/hostedtoolcache/Python/3.11.15/x64/lib/python3.11/json/__init__.py", line 346, in loads
    return _default_decoder.decode(s)
           ^^^^^^^^^^^^^^^^^^^^^^^^^^
  File "/opt/hostedtoolcache/Python/3.11.15/x64/lib/python3.11/json/decoder.py", line 337, in decode
    obj, end = self.raw_decode(s, idx=_w(s, 0).end())
               ^^^^^^^^^^^^^^^^^^^^^^^^^^^^^^^^^^^^^^
  File "/opt/hostedtoolcache/Python/3.11.15/x64/lib/python3.11/json/decoder.py", line 353, in raw_decode
    obj, end = self.scan_once(s, idx)
               ^^^^^^^^^^^^^^^^^^^^^^
json.decoder.JSONDecodeError: Expecting ',' delimiter: line 1 column 1431 (char 1430)
2026-04-07 17:27:24,857 WARNING src.app.gemini_client - Gemini transient failure; trying next key: key#1 transient_status=429
2026-04-07 17:27:26,009 WARNING src.app.gemini_client - Gemini transient failure; trying next key: key#1 transient_status=429
2026-04-07 17:27:26,143 WARNING src.app.gemini_client - Gemini transient failure; trying next key: key#2 transient_status=429
2026-04-07 17:27:34,960 WARNING src.app.gemini_client - Gemini transient failure; trying next key: key#1 transient_status=429
2026-04-07 17:27:35,090 WARNING src.app.gemini_client - Gemini transient failure; trying next key: key#2 transient_status=429
2026-04-07 17:27:36,402 WARNING src.app.gemini_client - Gemini transient failure; trying next key: key#1 transient_status=429
2026-04-07 17:27:36,544 WARNING src.app.gemini_client - Gemini transient failure; trying next key: key#2 transient_status=429
2026-04-07 17:27:43,092 WARNING src.app.gemini_client - Gemini transient failure; trying next key: key#1 transient_status=429
2026-04-07 17:27:43,217 WARNING src.app.gemini_client - Gemini transient failure; trying next key: key#2 transient_status=429
2026-04-07 17:27:51,860 INFO __main__ - Run complete. Published 0/5 posts.
2026-04-07 17:43:26,427 INFO __main__ - Fetching trending topics for USA...
2026-04-07 17:43:26,733 WARNING src.app.trend_research - Failed to fetch Google Trends: The request failed: Google returned a response with code 404
2026-04-07 17:43:28,117 INFO __main__ - Using trending topic: Experimental therapy gantenerumab fails to slow or improve Alzheimer's memory loss in clinical trials
2026-04-07 17:43:28,254 WARNING src.app.gemini_client - Gemini transient failure; trying next key: key#1 transient_status=429
2026-04-07 17:43:28,394 WARNING src.app.gemini_client - Gemini transient failure; trying next key: key#2 transient_status=429
2026-04-07 17:43:29,327 WARNING src.app.gemini_client - Gemini transient failure; trying next key: key#1 transient_status=429
2026-04-07 17:43:29,421 WARNING src.app.gemini_client - Gemini transient failure; trying next key: key#2 transient_status=429
2026-04-07 17:43:29,521 WARNING src.app.gemini_client - Gemini transient failure; trying next key: key#3 transient_status=429
2026-04-07 17:43:29,660 WARNING src.app.gemini_client - Gemini non-retriable failure: key#4 http_error=403 body={
  "error": {
    "code": 403,
    "message": "Your API key was reported as leaked. Please use another API key.",
    "status": "PERMISSION_DENIED"
  }
}

2026-04-07 17:43:30,991 WARNING src.app.gemini_client - Gemini transient failure; trying next key: key#1 transient_status=429
2026-04-07 17:43:31,122 WARNING src.app.gemini_client - Gemini transient failure; trying next key: key#2 transient_status=429
2026-04-07 17:43:31,217 WARNING src.app.gemini_client - Gemini transient failure; trying next key: key#3 transient_status=429
2026-04-07 17:43:31,359 WARNING src.app.gemini_client - Gemini non-retriable failure: key#4 http_error=403 body={
  "error": {
    "code": 403,
    "message": "Your API key was reported as leaked. Please use another API key.",
    "status": "PERMISSION_DENIED"
  }
}

2026-04-07 17:43:33,759 ERROR __main__ - Failed slot 1
Traceback (most recent call last):
  File "/home/runner/work/Pin/Pin/src/app/run_daily.py", line 177, in main
    titles = generate_titles(client, topic, excluded_titles=recent_titles)
             ^^^^^^^^^^^^^^^^^^^^^^^^^^^^^^^^^^^^^^^^^^^^^^^^^^^^^^^^^^^^^
  File "/home/runner/work/Pin/Pin/src/app/titles.py", line 32, in generate_titles
    payload = client.generate_json(
              ^^^^^^^^^^^^^^^^^^^^^
  File "/home/runner/work/Pin/Pin/src/app/gemini_client.py", line 22, in generate_json
    text = self.generate_text(prompt, max_output_tokens=max_output_tokens)
           ^^^^^^^^^^^^^^^^^^^^^^^^^^^^^^^^^^^^^^^^^^^^^^^^^^^^^^^^^^^^^^^
  File "/home/runner/work/Pin/Pin/src/app/gemini_client.py", line 70, in generate_text
    raise RuntimeError(f"Gemini failed after key failover: {'; '.join(errors)}")
RuntimeError: Gemini failed after key failover: key#1 transient_status=429; key#2 transient_status=429; key#3 transient_status=429; key#4 http_error=403 body={
  "error": {
    "code": 403,
    "message": "Your API key was reported as leaked. Please use another API key.",
    "status": "PERMISSION_DENIED"
  }
}
; key#1 transient_status=429; key#2 transient_status=429; key#3 transient_status=429; key#4 http_error=403 body={
  "error": {
    "code": 403,
    "message": "Your API key was reported as leaked. Please use another API key.",
    "status": "PERMISSION_DENIED"
  }
}

2026-04-07 17:43:33,761 INFO __main__ - Using trending topic: Desperate for heart surgery for their baby, a family feels the effects of pediatric hospital shortages
2026-04-07 17:43:33,855 WARNING src.app.gemini_client - Gemini transient failure; trying next key: key#1 transient_status=429
2026-04-07 17:43:33,968 WARNING src.app.gemini_client - Gemini transient failure; trying next key: key#2 transient_status=429
2026-04-07 17:43:35,106 WARNING src.app.gemini_client - Gemini transient failure; trying next key: key#1 transient_status=429
2026-04-07 17:43:35,264 WARNING src.app.gemini_client - Gemini transient failure; trying next key: key#2 transient_status=429
2026-04-07 17:43:35,357 WARNING src.app.gemini_client - Gemini transient failure; trying next key: key#3 transient_status=429
2026-04-07 17:43:35,487 WARNING src.app.gemini_client - Gemini non-retriable failure: key#4 http_error=403 body={
  "error": {
    "code": 403,
    "message": "Your API key was reported as leaked. Please use another API key.",
    "status": "PERMISSION_DENIED"
  }
}

2026-04-07 17:43:36,785 WARNING src.app.gemini_client - Gemini transient failure; trying next key: key#1 transient_status=429
2026-04-07 17:43:36,873 WARNING src.app.gemini_client - Gemini transient failure; trying next key: key#2 transient_status=429
2026-04-07 17:43:36,961 WARNING src.app.gemini_client - Gemini transient failure; trying next key: key#3 transient_status=429
2026-04-07 17:43:37,086 WARNING src.app.gemini_client - Gemini non-retriable failure: key#4 http_error=403 body={
  "error": {
    "code": 403,
    "message": "Your API key was reported as leaked. Please use another API key.",
    "status": "PERMISSION_DENIED"
  }
}

2026-04-07 17:43:39,486 ERROR __main__ - Failed slot 2
Traceback (most recent call last):
  File "/home/runner/work/Pin/Pin/src/app/run_daily.py", line 177, in main
    titles = generate_titles(client, topic, excluded_titles=recent_titles)
             ^^^^^^^^^^^^^^^^^^^^^^^^^^^^^^^^^^^^^^^^^^^^^^^^^^^^^^^^^^^^^
  File "/home/runner/work/Pin/Pin/src/app/titles.py", line 32, in generate_titles
    payload = client.generate_json(
              ^^^^^^^^^^^^^^^^^^^^^
  File "/home/runner/work/Pin/Pin/src/app/gemini_client.py", line 22, in generate_json
    text = self.generate_text(prompt, max_output_tokens=max_output_tokens)
           ^^^^^^^^^^^^^^^^^^^^^^^^^^^^^^^^^^^^^^^^^^^^^^^^^^^^^^^^^^^^^^^
  File "/home/runner/work/Pin/Pin/src/app/gemini_client.py", line 70, in generate_text
    raise RuntimeError(f"Gemini failed after key failover: {'; '.join(errors)}")
RuntimeError: Gemini failed after key failover: key#1 transient_status=429; key#2 transient_status=429; key#3 transient_status=429; key#4 http_error=403 body={
  "error": {
    "code": 403,
    "message": "Your API key was reported as leaked. Please use another API key.",
    "status": "PERMISSION_DENIED"
  }
}
; key#1 transient_status=429; key#2 transient_status=429; key#3 transient_status=429; key#4 http_error=403 body={
  "error": {
    "code": 403,
    "message": "Your API key was reported as leaked. Please use another API key.",
    "status": "PERMISSION_DENIED"
  }
}

2026-04-07 17:43:39,584 WARNING src.app.gemini_client - Gemini transient failure; trying next key: key#1 transient_status=429
2026-04-07 17:43:39,689 WARNING src.app.gemini_client - Gemini transient failure; trying next key: key#2 transient_status=429
2026-04-07 17:43:39,789 WARNING src.app.gemini_client - Gemini transient failure; trying next key: key#3 transient_status=429
2026-04-07 17:43:39,939 WARNING src.app.gemini_client - Gemini non-retriable failure: key#4 http_error=403 body={
  "error": {
    "code": 403,
    "message": "Your API key was reported as leaked. Please use another API key.",
    "status": "PERMISSION_DENIED"
  }
}

2026-04-07 17:43:41,228 WARNING src.app.gemini_client - Gemini transient failure; trying next key: key#1 transient_status=429
2026-04-07 17:43:41,330 WARNING src.app.gemini_client - Gemini transient failure; trying next key: key#2 transient_status=429
2026-04-07 17:43:41,429 WARNING src.app.gemini_client - Gemini transient failure; trying next key: key#3 transient_status=429
2026-04-07 17:43:41,551 WARNING src.app.gemini_client - Gemini non-retriable failure: key#4 http_error=403 body={
  "error": {
    "code": 403,
    "message": "Your API key was reported as leaked. Please use another API key.",
    "status": "PERMISSION_DENIED"
  }
}

2026-04-07 17:43:43,951 ERROR __main__ - Failed slot 3
Traceback (most recent call last):
  File "/home/runner/work/Pin/Pin/src/app/run_daily.py", line 177, in main
    titles = generate_titles(client, topic, excluded_titles=recent_titles)
             ^^^^^^^^^^^^^^^^^^^^^^^^^^^^^^^^^^^^^^^^^^^^^^^^^^^^^^^^^^^^^
  File "/home/runner/work/Pin/Pin/src/app/titles.py", line 32, in generate_titles
    payload = client.generate_json(
              ^^^^^^^^^^^^^^^^^^^^^
  File "/home/runner/work/Pin/Pin/src/app/gemini_client.py", line 22, in generate_json
    text = self.generate_text(prompt, max_output_tokens=max_output_tokens)
           ^^^^^^^^^^^^^^^^^^^^^^^^^^^^^^^^^^^^^^^^^^^^^^^^^^^^^^^^^^^^^^^
  File "/home/runner/work/Pin/Pin/src/app/gemini_client.py", line 70, in generate_text
    raise RuntimeError(f"Gemini failed after key failover: {'; '.join(errors)}")
RuntimeError: Gemini failed after key failover: key#1 transient_status=429; key#2 transient_status=429; key#3 transient_status=429; key#4 http_error=403 body={
  "error": {
    "code": 403,
    "message": "Your API key was reported as leaked. Please use another API key.",
    "status": "PERMISSION_DENIED"
  }
}
; key#1 transient_status=429; key#2 transient_status=429; key#3 transient_status=429; key#4 http_error=403 body={
  "error": {
    "code": 403,
    "message": "Your API key was reported as leaked. Please use another API key.",
    "status": "PERMISSION_DENIED"
  }
}

2026-04-07 17:43:44,046 WARNING src.app.gemini_client - Gemini transient failure; trying next key: key#1 transient_status=429
2026-04-07 17:43:44,153 WARNING src.app.gemini_client - Gemini transient failure; trying next key: key#2 transient_status=429
2026-04-07 17:43:44,252 WARNING src.app.gemini_client - Gemini transient failure; trying next key: key#3 transient_status=429
2026-04-07 17:43:44,373 WARNING src.app.gemini_client - Gemini non-retriable failure: key#4 http_error=403 body={
  "error": {
    "code": 403,
    "message": "Your API key was reported as leaked. Please use another API key.",
    "status": "PERMISSION_DENIED"
  }
}

2026-04-07 17:43:45,701 WARNING src.app.gemini_client - Gemini transient failure; trying next key: key#1 transient_status=429
2026-04-07 17:43:45,830 WARNING src.app.gemini_client - Gemini transient failure; trying next key: key#2 transient_status=429
2026-04-07 17:43:45,916 WARNING src.app.gemini_client - Gemini transient failure; trying next key: key#3 transient_status=429
2026-04-07 17:43:46,035 WARNING src.app.gemini_client - Gemini non-retriable failure: key#4 http_error=403 body={
  "error": {
    "code": 403,
    "message": "Your API key was reported as leaked. Please use another API key.",
    "status": "PERMISSION_DENIED"
  }
}

2026-04-07 17:43:48,436 ERROR __main__ - Failed slot 4
Traceback (most recent call last):
  File "/home/runner/work/Pin/Pin/src/app/run_daily.py", line 177, in main
    titles = generate_titles(client, topic, excluded_titles=recent_titles)
             ^^^^^^^^^^^^^^^^^^^^^^^^^^^^^^^^^^^^^^^^^^^^^^^^^^^^^^^^^^^^^
  File "/home/runner/work/Pin/Pin/src/app/titles.py", line 32, in generate_titles
    payload = client.generate_json(
              ^^^^^^^^^^^^^^^^^^^^^
  File "/home/runner/work/Pin/Pin/src/app/gemini_client.py", line 22, in generate_json
    text = self.generate_text(prompt, max_output_tokens=max_output_tokens)
           ^^^^^^^^^^^^^^^^^^^^^^^^^^^^^^^^^^^^^^^^^^^^^^^^^^^^^^^^^^^^^^^
  File "/home/runner/work/Pin/Pin/src/app/gemini_client.py", line 70, in generate_text
    raise RuntimeError(f"Gemini failed after key failover: {'; '.join(errors)}")
RuntimeError: Gemini failed after key failover: key#1 transient_status=429; key#2 transient_status=429; key#3 transient_status=429; key#4 http_error=403 body={
  "error": {
    "code": 403,
    "message": "Your API key was reported as leaked. Please use another API key.",
    "status": "PERMISSION_DENIED"
  }
}
; key#1 transient_status=429; key#2 transient_status=429; key#3 transient_status=429; key#4 http_error=403 body={
  "error": {
    "code": 403,
    "message": "Your API key was reported as leaked. Please use another API key.",
    "status": "PERMISSION_DENIED"
  }
}

2026-04-07 17:43:48,529 WARNING src.app.gemini_client - Gemini transient failure; trying next key: key#1 transient_status=429
2026-04-07 17:43:48,623 WARNING src.app.gemini_client - Gemini transient failure; trying next key: key#2 transient_status=429
2026-04-07 17:43:48,718 WARNING src.app.gemini_client - Gemini transient failure; trying next key: key#3 transient_status=429
2026-04-07 17:43:48,829 WARNING src.app.gemini_client - Gemini non-retriable failure: key#4 http_error=403 body={
  "error": {
    "code": 403,
    "message": "Your API key was reported as leaked. Please use another API key.",
    "status": "PERMISSION_DENIED"
  }
}

2026-04-07 17:43:50,114 WARNING src.app.gemini_client - Gemini transient failure; trying next key: key#1 transient_status=429
2026-04-07 17:43:50,202 WARNING src.app.gemini_client - Gemini transient failure; trying next key: key#2 transient_status=429
2026-04-07 17:43:51,312 WARNING src.app.gemini_client - Gemini transient failure; trying next key: key#1 transient_status=429
2026-04-07 17:43:51,405 WARNING src.app.gemini_client - Gemini transient failure; trying next key: key#2 transient_status=429
2026-04-07 17:43:51,500 WARNING src.app.gemini_client - Gemini transient failure; trying next key: key#3 transient_status=429
2026-04-07 17:43:51,634 WARNING src.app.gemini_client - Gemini non-retriable failure: key#4 http_error=403 body={
  "error": {
    "code": 403,
    "message": "Your API key was reported as leaked. Please use another API key.",
    "status": "PERMISSION_DENIED"
  }
}

2026-04-07 17:43:52,933 WARNING src.app.gemini_client - Gemini transient failure; trying next key: key#1 transient_status=429
2026-04-07 17:43:53,019 WARNING src.app.gemini_client - Gemini transient failure; trying next key: key#2 transient_status=429
2026-04-07 17:43:53,129 WARNING src.app.gemini_client - Gemini transient failure; trying next key: key#3 transient_status=429
2026-04-07 17:43:53,242 WARNING src.app.gemini_client - Gemini non-retriable failure: key#4 http_error=403 body={
  "error": {
    "code": 403,
    "message": "Your API key was reported as leaked. Please use another API key.",
    "status": "PERMISSION_DENIED"
  }
}

2026-04-07 17:43:55,642 ERROR __main__ - Failed slot 5
Traceback (most recent call last):
  File "/home/runner/work/Pin/Pin/src/app/run_daily.py", line 182, in main
    candidate = generate_article(client, topic, chosen_title, mode, offer)
                ^^^^^^^^^^^^^^^^^^^^^^^^^^^^^^^^^^^^^^^^^^^^^^^^^^^^^^^^^^
  File "/home/runner/work/Pin/Pin/src/app/content.py", line 107, in generate_article
    payload = client.generate_json(
              ^^^^^^^^^^^^^^^^^^^^^
  File "/home/runner/work/Pin/Pin/src/app/gemini_client.py", line 22, in generate_json
    text = self.generate_text(prompt, max_output_tokens=max_output_tokens)
           ^^^^^^^^^^^^^^^^^^^^^^^^^^^^^^^^^^^^^^^^^^^^^^^^^^^^^^^^^^^^^^^
  File "/home/runner/work/Pin/Pin/src/app/gemini_client.py", line 70, in generate_text
    raise RuntimeError(f"Gemini failed after key failover: {'; '.join(errors)}")
RuntimeError: Gemini failed after key failover: key#1 transient_status=429; key#2 transient_status=429; key#3 transient_status=429; key#4 http_error=403 body={
  "error": {
    "code": 403,
    "message": "Your API key was reported as leaked. Please use another API key.",
    "status": "PERMISSION_DENIED"
  }
}
; key#1 transient_status=429; key#2 transient_status=429; key#3 transient_status=429; key#4 http_error=403 body={
  "error": {
    "code": 403,
    "message": "Your API key was reported as leaked. Please use another API key.",
    "status": "PERMISSION_DENIED"
  }
}

2026-04-07 17:43:55,645 INFO __main__ - Run complete. Published 0/5 posts.
2026-04-08 11:17:26,860 INFO __main__ - Fetching trending topics for USA...
2026-04-08 11:17:27,110 WARNING src.app.trend_research - Failed to fetch Google Trends: The request failed: Google returned a response with code 404
2026-04-08 11:17:28,056 INFO __main__ - Using trending topic: Experimental therapy gantenerumab fails to slow or improve Alzheimer's memory loss in clinical trials
2026-04-08 11:17:37,434 INFO __main__ - Using trending topic: Desperate for heart surgery for their baby, a family feels the effects of pediatric hospital shortages
2026-04-08 11:18:20,037 WARNING src.app.gemini_client - Deep JSON sanitization failed: Expecting ',' delimiter: line 1 column 4393 (char 4392). Raw text snippet: {
  "title": "Mastering a Weight Loss Lifestyle: Calorie Awareness Without the Restriction",
  "slug": "weight-loss-lifestyle-calorie-awareness-no-restriction",
  "meta_description": "Discover how to 
2026-04-08 11:18:20,037 ERROR __main__ - Failed slot 4
Traceback (most recent call last):
  File "/home/runner/work/Pin/Pin/src/app/run_daily.py", line 182, in main
    candidate = generate_article(client, topic, chosen_title, mode, offer)
                ^^^^^^^^^^^^^^^^^^^^^^^^^^^^^^^^^^^^^^^^^^^^^^^^^^^^^^^^^^
  File "/home/runner/work/Pin/Pin/src/app/content.py", line 107, in generate_article
    payload = client.generate_json(
              ^^^^^^^^^^^^^^^^^^^^^
  File "/home/runner/work/Pin/Pin/src/app/gemini_client.py", line 23, in generate_json
    return parse_json_from_text(text)
           ^^^^^^^^^^^^^^^^^^^^^^^^^^
  File "/home/runner/work/Pin/Pin/src/app/gemini_client.py", line 193, in parse_json_from_text
    raise e
  File "/home/runner/work/Pin/Pin/src/app/gemini_client.py", line 191, in parse_json_from_text
    raise e
  File "/home/runner/work/Pin/Pin/src/app/gemini_client.py", line 179, in parse_json_from_text
    return json.loads(final_attempt)
           ^^^^^^^^^^^^^^^^^^^^^^^^^
  File "/opt/hostedtoolcache/Python/3.11.15/x64/lib/python3.11/json/__init__.py", line 346, in loads
    return _default_decoder.decode(s)
           ^^^^^^^^^^^^^^^^^^^^^^^^^^
  File "/opt/hostedtoolcache/Python/3.11.15/x64/lib/python3.11/json/decoder.py", line 337, in decode
    obj, end = self.raw_decode(s, idx=_w(s, 0).end())
               ^^^^^^^^^^^^^^^^^^^^^^^^^^^^^^^^^^^^^^
  File "/opt/hostedtoolcache/Python/3.11.15/x64/lib/python3.11/json/decoder.py", line 353, in raw_decode
    obj, end = self.scan_once(s, idx)
               ^^^^^^^^^^^^^^^^^^^^^^
json.decoder.JSONDecodeError: Expecting ',' delimiter: line 1 column 4393 (char 4392)
2026-04-08 11:18:21,258 WARNING src.app.gemini_client - Gemini transient failure; trying next key: key#1 transient_status=429
2026-04-08 11:18:28,785 WARNING src.app.gemini_client - Deep JSON sanitization failed: Expecting ',' delimiter: line 1 column 1082 (char 1081). Raw text snippet: {
  "title": "Eat Smarter: Practical Calorie Tips for a Sustainable Weight Loss Lifestyle",
  "slug": "weight-loss-lifestyle-calorie-awareness",
  "meta_description": "Discover practical, restriction-
2026-04-08 11:18:28,785 ERROR __main__ - Failed slot 5
Traceback (most recent call last):
  File "/home/runner/work/Pin/Pin/src/app/run_daily.py", line 182, in main
    candidate = generate_article(client, topic, chosen_title, mode, offer)
                ^^^^^^^^^^^^^^^^^^^^^^^^^^^^^^^^^^^^^^^^^^^^^^^^^^^^^^^^^^
  File "/home/runner/work/Pin/Pin/src/app/content.py", line 107, in generate_article
    payload = client.generate_json(
              ^^^^^^^^^^^^^^^^^^^^^
  File "/home/runner/work/Pin/Pin/src/app/gemini_client.py", line 23, in generate_json
    return parse_json_from_text(text)
           ^^^^^^^^^^^^^^^^^^^^^^^^^^
  File "/home/runner/work/Pin/Pin/src/app/gemini_client.py", line 193, in parse_json_from_text
    raise e
  File "/home/runner/work/Pin/Pin/src/app/gemini_client.py", line 191, in parse_json_from_text
    raise e
  File "/home/runner/work/Pin/Pin/src/app/gemini_client.py", line 179, in parse_json_from_text
    return json.loads(final_attempt)
           ^^^^^^^^^^^^^^^^^^^^^^^^^
  File "/opt/hostedtoolcache/Python/3.11.15/x64/lib/python3.11/json/__init__.py", line 346, in loads
    return _default_decoder.decode(s)
           ^^^^^^^^^^^^^^^^^^^^^^^^^^
  File "/opt/hostedtoolcache/Python/3.11.15/x64/lib/python3.11/json/decoder.py", line 337, in decode
    obj, end = self.raw_decode(s, idx=_w(s, 0).end())
               ^^^^^^^^^^^^^^^^^^^^^^^^^^^^^^^^^^^^^^
  File "/opt/hostedtoolcache/Python/3.11.15/x64/lib/python3.11/json/decoder.py", line 353, in raw_decode
    obj, end = self.scan_once(s, idx)
               ^^^^^^^^^^^^^^^^^^^^^^
json.decoder.JSONDecodeError: Expecting ',' delimiter: line 1 column 1082 (char 1081)
2026-04-08 11:18:28,786 INFO __main__ - Run complete. Published 0/5 posts.
2026-04-08 12:25:46,848 INFO __main__ - Fetching trending topics for USA...
2026-04-08 12:25:47,199 WARNING src.app.trend_research - Failed to fetch Google Trends: The request failed: Google returned a response with code 404
2026-04-08 12:25:48,566 INFO __main__ - Using trending topic: Experimental therapy gantenerumab fails to slow or improve Alzheimer's memory loss in clinical trials
2026-04-08 12:25:59,707 ERROR src.app.gemini_client - Critical JSON parse failure. Raw response saved to generated/logs/failed_json.txt
2026-04-08 12:25:59,707 WARNING src.app.gemini_client - Deep JSON sanitization failed: Expecting ',' delimiter: line 1 column 4724 (char 4723). Raw text snippet: {
  "title": "Alzheimer's Breakthrough Missed: Gantenerumab Trial Results Disappoint",
  "slug": "gantenerumab-alzheimers-trial-results",
  "meta_description": "The gantenerumab trial results for Alzh
2026-04-08 12:25:59,707 ERROR __main__ - Failed slot 1
Traceback (most recent call last):
  File "/home/runner/work/Pin/Pin/src/app/run_daily.py", line 182, in main
    candidate = generate_article(client, topic, chosen_title, mode, offer)
                ^^^^^^^^^^^^^^^^^^^^^^^^^^^^^^^^^^^^^^^^^^^^^^^^^^^^^^^^^^
  File "/home/runner/work/Pin/Pin/src/app/content.py", line 107, in generate_article
    payload = client.generate_json(
              ^^^^^^^^^^^^^^^^^^^^^
  File "/home/runner/work/Pin/Pin/src/app/gemini_client.py", line 23, in generate_json
    return parse_json_from_text(text)
           ^^^^^^^^^^^^^^^^^^^^^^^^^^
  File "/home/runner/work/Pin/Pin/src/app/gemini_client.py", line 219, in parse_json_from_text
    raise e
  File "/home/runner/work/Pin/Pin/src/app/gemini_client.py", line 206, in parse_json_from_text
    return json.loads(final_attempt)
           ^^^^^^^^^^^^^^^^^^^^^^^^^
  File "/opt/hostedtoolcache/Python/3.11.15/x64/lib/python3.11/json/__init__.py", line 346, in loads
    return _default_decoder.decode(s)
           ^^^^^^^^^^^^^^^^^^^^^^^^^^
  File "/opt/hostedtoolcache/Python/3.11.15/x64/lib/python3.11/json/decoder.py", line 337, in decode
    obj, end = self.raw_decode(s, idx=_w(s, 0).end())
               ^^^^^^^^^^^^^^^^^^^^^^^^^^^^^^^^^^^^^^
  File "/opt/hostedtoolcache/Python/3.11.15/x64/lib/python3.11/json/decoder.py", line 353, in raw_decode
    obj, end = self.scan_once(s, idx)
               ^^^^^^^^^^^^^^^^^^^^^^
json.decoder.JSONDecodeError: Expecting ',' delimiter: line 1 column 4724 (char 4723)
2026-04-08 12:25:59,738 INFO __main__ - Using trending topic: Desperate for heart surgery for their baby, a family feels the effects of pediatric hospital shortages
2026-04-08 12:26:21,935 WARNING src.app.gemini_client - Gemini transient failure; trying next key: key#1 transient_status=429
2026-04-08 12:26:22,397 WARNING src.app.gemini_client - Gemini transient failure; trying next key: key#2 transient_status=503
2026-04-08 12:26:23,721 WARNING src.app.gemini_client - Gemini transient failure; trying next key: key#3 transient_status=503
2026-04-08 12:26:23,894 WARNING src.app.gemini_client - Gemini non-retriable failure: key#4 http_error=403 body={
  "error": {
    "code": 403,
    "message": "Your API key was reported as leaked. Please use another API key.",
    "status": "PERMISSION_DENIED"
  }
}

2026-04-08 12:26:33,821 WARNING src.app.gemini_client - Gemini transient failure; trying next key: key#1 transient_status=429
2026-04-08 12:26:35,071 WARNING src.app.gemini_client - Gemini transient failure; trying next key: key#1 transient_status=429
2026-04-08 12:26:44,402 WARNING src.app.gemini_client - Gemini transient failure; trying next key: key#1 transient_status=429
2026-04-08 12:26:51,939 ERROR src.app.gemini_client - Critical JSON parse failure. Raw response saved to generated/logs/failed_json.txt
2026-04-08 12:26:51,939 WARNING src.app.gemini_client - Deep JSON sanitization failed: Expecting ',' delimiter: line 1 column 3228 (char 3227). Raw text snippet: {
  "title": "Embracing a Weight Loss Lifestyle: Mindful Eating Without the Restriction",
  "slug": "weight-loss-lifestyle-mindful-eating",
  "meta_description": "Discover how to build a sustainable W
2026-04-08 12:26:51,939 ERROR __main__ - Failed slot 3
Traceback (most recent call last):
  File "/home/runner/work/Pin/Pin/src/app/run_daily.py", line 182, in main
    candidate = generate_article(client, topic, chosen_title, mode, offer)
                ^^^^^^^^^^^^^^^^^^^^^^^^^^^^^^^^^^^^^^^^^^^^^^^^^^^^^^^^^^
  File "/home/runner/work/Pin/Pin/src/app/content.py", line 107, in generate_article
    payload = client.generate_json(
              ^^^^^^^^^^^^^^^^^^^^^
  File "/home/runner/work/Pin/Pin/src/app/gemini_client.py", line 23, in generate_json
    return parse_json_from_text(text)
           ^^^^^^^^^^^^^^^^^^^^^^^^^^
  File "/home/runner/work/Pin/Pin/src/app/gemini_client.py", line 219, in parse_json_from_text
    raise e
  File "/home/runner/work/Pin/Pin/src/app/gemini_client.py", line 206, in parse_json_from_text
    return json.loads(final_attempt)
           ^^^^^^^^^^^^^^^^^^^^^^^^^
  File "/opt/hostedtoolcache/Python/3.11.15/x64/lib/python3.11/json/__init__.py", line 346, in loads
    return _default_decoder.decode(s)
           ^^^^^^^^^^^^^^^^^^^^^^^^^^
  File "/opt/hostedtoolcache/Python/3.11.15/x64/lib/python3.11/json/decoder.py", line 337, in decode
    obj, end = self.raw_decode(s, idx=_w(s, 0).end())
               ^^^^^^^^^^^^^^^^^^^^^^^^^^^^^^^^^^^^^^
  File "/opt/hostedtoolcache/Python/3.11.15/x64/lib/python3.11/json/decoder.py", line 353, in raw_decode
    obj, end = self.scan_once(s, idx)
               ^^^^^^^^^^^^^^^^^^^^^^
json.decoder.JSONDecodeError: Expecting ',' delimiter: line 1 column 3228 (char 3227)
2026-04-08 12:26:52,074 WARNING src.app.gemini_client - Gemini transient failure; trying next key: key#1 transient_status=429
2026-04-08 12:26:53,506 WARNING src.app.gemini_client - Gemini transient failure; trying next key: key#1 transient_status=429
2026-04-08 12:27:02,816 ERROR src.app.gemini_client - Critical JSON parse failure. Raw response saved to generated/logs/failed_json.txt
2026-04-08 12:27:02,816 WARNING src.app.gemini_client - Deep JSON sanitization failed: Expecting ',' delimiter: line 1 column 4703 (char 4702). Raw text snippet: {
  "title": "Sustainable Eating: Building a Weight Loss Lifestyle Without the Diet Drama",
  "slug": "sustainable-eating-weight-loss-lifestyle",
  "meta_description": "Discover how to build a sustain
2026-04-08 12:27:02,816 ERROR __main__ - Failed slot 4
Traceback (most recent call last):
  File "/home/runner/work/Pin/Pin/src/app/run_daily.py", line 182, in main
    candidate = generate_article(client, topic, chosen_title, mode, offer)
                ^^^^^^^^^^^^^^^^^^^^^^^^^^^^^^^^^^^^^^^^^^^^^^^^^^^^^^^^^^
  File "/home/runner/work/Pin/Pin/src/app/content.py", line 107, in generate_article
    payload = client.generate_json(
              ^^^^^^^^^^^^^^^^^^^^^
  File "/home/runner/work/Pin/Pin/src/app/gemini_client.py", line 23, in generate_json
    return parse_json_from_text(text)
           ^^^^^^^^^^^^^^^^^^^^^^^^^^
  File "/home/runner/work/Pin/Pin/src/app/gemini_client.py", line 219, in parse_json_from_text
    raise e
  File "/home/runner/work/Pin/Pin/src/app/gemini_client.py", line 206, in parse_json_from_text
    return json.loads(final_attempt)
           ^^^^^^^^^^^^^^^^^^^^^^^^^
  File "/opt/hostedtoolcache/Python/3.11.15/x64/lib/python3.11/json/__init__.py", line 346, in loads
    return _default_decoder.decode(s)
           ^^^^^^^^^^^^^^^^^^^^^^^^^^
  File "/opt/hostedtoolcache/Python/3.11.15/x64/lib/python3.11/json/decoder.py", line 337, in decode
    obj, end = self.raw_decode(s, idx=_w(s, 0).end())
               ^^^^^^^^^^^^^^^^^^^^^^^^^^^^^^^^^^^^^^
  File "/opt/hostedtoolcache/Python/3.11.15/x64/lib/python3.11/json/decoder.py", line 353, in raw_decode
    obj, end = self.scan_once(s, idx)
               ^^^^^^^^^^^^^^^^^^^^^^
json.decoder.JSONDecodeError: Expecting ',' delimiter: line 1 column 4703 (char 4702)
2026-04-08 12:27:02,952 WARNING src.app.gemini_client - Gemini transient failure; trying next key: key#1 transient_status=429
2026-04-08 12:27:04,619 WARNING src.app.gemini_client - Gemini transient failure; trying next key: key#1 transient_status=429
2026-04-08 12:27:15,817 ERROR src.app.gemini_client - Critical JSON parse failure. Raw response saved to generated/logs/failed_json.txt
2026-04-08 12:27:15,817 WARNING src.app.gemini_client - Deep JSON sanitization failed: Expecting ',' delimiter: line 1 column 2134 (char 2133). Raw text snippet: {
  "title": "Mastering a Weight Loss Lifestyle: Calorie Awareness Without the Restriction",
  "slug": "weight-loss-lifestyle-calorie-awareness-no-restriction",
  "meta_description": "Discover how to 
2026-04-08 12:27:15,817 ERROR __main__ - Failed slot 5
Traceback (most recent call last):
  File "/home/runner/work/Pin/Pin/src/app/run_daily.py", line 182, in main
    candidate = generate_article(client, topic, chosen_title, mode, offer)
                ^^^^^^^^^^^^^^^^^^^^^^^^^^^^^^^^^^^^^^^^^^^^^^^^^^^^^^^^^^
  File "/home/runner/work/Pin/Pin/src/app/content.py", line 107, in generate_article
    payload = client.generate_json(
              ^^^^^^^^^^^^^^^^^^^^^
  File "/home/runner/work/Pin/Pin/src/app/gemini_client.py", line 23, in generate_json
    return parse_json_from_text(text)
           ^^^^^^^^^^^^^^^^^^^^^^^^^^
  File "/home/runner/work/Pin/Pin/src/app/gemini_client.py", line 219, in parse_json_from_text
    raise e
  File "/home/runner/work/Pin/Pin/src/app/gemini_client.py", line 206, in parse_json_from_text
    return json.loads(final_attempt)
           ^^^^^^^^^^^^^^^^^^^^^^^^^
  File "/opt/hostedtoolcache/Python/3.11.15/x64/lib/python3.11/json/__init__.py", line 346, in loads
    return _default_decoder.decode(s)
           ^^^^^^^^^^^^^^^^^^^^^^^^^^
  File "/opt/hostedtoolcache/Python/3.11.15/x64/lib/python3.11/json/decoder.py", line 337, in decode
    obj, end = self.raw_decode(s, idx=_w(s, 0).end())
               ^^^^^^^^^^^^^^^^^^^^^^^^^^^^^^^^^^^^^^
  File "/opt/hostedtoolcache/Python/3.11.15/x64/lib/python3.11/json/decoder.py", line 353, in raw_decode
    obj, end = self.scan_once(s, idx)
               ^^^^^^^^^^^^^^^^^^^^^^
json.decoder.JSONDecodeError: Expecting ',' delimiter: line 1 column 2134 (char 2133)
2026-04-08 12:27:15,818 INFO __main__ - Run complete. Published 0/5 posts.
